fname,pre,label
0_0.png,0,l
0_1.png,0,r
0_2.png,0,l
0_3.png,0,r
0_4.png,0,r
0_5.png,0,l
0_6.png,0,r
100_0.png,100,r
100_1.png,100,l
100_2.png,100,r
100_3.png,100,r
100_4.png,100,l
101_0.png,101,l
101_1.png,101,r
101_2.png,101,l
101_3.png,101,l
101_4.png,101,r
101_5.png,101,r
101_6.png,101,l
101_7.png,101,l
102_0.png,102,-
102_1.png,102,r
102_2.png,102,-
102_3.png,102,l
102_4.png,102,r
103_0.png,103,r
103_1.png,103,l
103_2.png,103,r
103_3.png,103,l
103_4.png,103,r
103_5.png,103,l
104_0.png,104,l
104_1.png,104,r
104_2.png,104,r
104_3.png,104,r
104_4.png,104,l
104_5.png,104,l
104_6.png,104,r
105_0.png,105,r
105_1.png,105,l
105_2.png,105,l
105_3.png,105,r
105_4.png,105,r
105_5.png,105,l
105_6.png,105,l
105_7.png,105,l
105_8.png,105,r
106_0.png,106,r
106_1.png,106,l
106_2.png,106,r
106_3.png,106,l
106_4.png,106,r
106_5.png,106,r
107_0.png,107,r
107_1.png,107,l
107_2.png,107,l
107_3.png,107,r
107_4.png,107,r
107_5.png,107,r
107_6.png,107,l
107_7.png,107,l
107_8.png,107,r
108_0.png,108,l
108_1.png,108,r
108_2.png,108,r
108_3.png,108,l
108_4.png,108,r
108_5.png,108,l
108_6.png,108,l
108_7.png,108,r
109_0.png,109,r
109_1.png,109,l
109_2.png,109,l
109_3.png,109,r
109_4.png,109,r
109_5.png,109,l
109_6.png,109,l
110_0.png,110,r
110_1.png,110,l
110_2.png,110,r
110_3.png,110,l
110_4.png,110,r
110_5.png,110,r
111_0.png,111,r
111_1.png,111,l
111_2.png,111,l
111_3.png,111,l
111_4.png,111,l
111_5.png,111,r
112_0.png,112,l
112_1.png,112,r
112_2.png,112,l
112_3.png,112,l
112_4.png,112,r
112_5.png,112,l
112_6.png,112,l
112_7.png,112,r
113_0.png,113,r
113_1.png,113,l
113_2.png,113,l
113_3.png,113,l
113_4.png,113,l
113_5.png,113,l
113_6.png,113,r
114_0.png,114,r
114_1.png,114,r
114_2.png,114,l
114_3.png,114,l
114_4.png,114,r
114_5.png,114,r
114_6.png,114,l
115_0.png,115,l
115_1.png,115,l
115_2.png,115,l
115_3.png,115,r
115_4.png,115,l
115_5.png,115,r
115_6.png,115,l
115_7.png,115,r
116_0.png,116,r
116_1.png,116,l
116_2.png,116,l
116_3.png,116,l
116_4.png,116,r
116_5.png,116,r
117_0.png,117,l
117_1.png,117,r
117_2.png,117,r
117_3.png,117,l
117_4.png,117,l
117_5.png,117,r
117_6.png,117,r
117_7.png,117,l
118_0.png,118,r
118_1.png,118,r
118_2.png,118,l
118_3.png,118,-
118_4.png,118,r
118_5.png,118,r
118_6.png,118,r
118_7.png,118,r
119_0.png,119,l
119_1.png,119,r
119_2.png,119,r
119_3.png,119,r
119_4.png,119,l
119_5.png,119,l
11_0.png,11,l
11_1.png,11,r
11_2.png,11,r
11_3.png,11,l
11_4.png,11,r
11_5.png,11,r
11_6.png,11,l
120_0.png,120,r
120_1.png,120,l
120_2.png,120,r
120_3.png,120,l
120_4.png,120,r
120_5.png,120,r
120_6.png,120,l
121_0.png,121,r
121_1.png,121,l
121_2.png,121,l
121_3.png,121,r
121_4.png,121,r
121_5.png,121,l
121_6.png,121,r
121_7.png,121,r
121_8.png,121,l
122_0.png,122,r
122_1.png,122,l
122_2.png,122,l
122_3.png,122,r
122_4.png,122,r
122_5.png,122,r
122_6.png,122,r
122_7.png,122,l
123_0.png,123,l
123_1.png,123,r
123_2.png,123,l
123_3.png,123,r
123_4.png,123,r
123_5.png,123,l
123_6.png,123,l
123_7.png,123,r
124_0.png,124,r
124_1.png,124,l
124_2.png,124,l
124_3.png,124,r
124_4.png,124,r
124_5.png,124,l
125_0.png,125,l
125_1.png,125,l
125_2.png,125,r
125_3.png,125,r
126_0.png,126,r
126_1.png,126,r
126_2.png,126,l
126_3.png,126,r
126_4.png,126,r
126_5.png,126,l
127_0.png,127,r
127_1.png,127,l
127_2.png,127,r
127_3.png,127,l
127_4.png,127,r
128_0.png,128,l
128_1.png,128,l
128_2.png,128,l
128_3.png,128,l
128_4.png,128,r
128_5.png,128,l
128_6.png,128,r
129_0.png,129,r
129_1.png,129,l
129_2.png,129,l
129_3.png,129,l
129_4.png,129,r
129_5.png,129,l
129_6.png,129,l
129_7.png,129,-
129_8.png,129,r
129_9.png,129,l
12_0.png,12,r
12_1.png,12,l
12_2.png,12,l
12_3.png,12,r
130_0.png,130,r
130_1.png,130,l
130_2.png,130,r
130_3.png,130,l
130_4.png,130,l
130_5.png,130,r
130_6.png,130,r
130_7.png,130,l
130_8.png,130,r
131_0.png,131,l
131_1.png,131,r
131_2.png,131,r
131_3.png,131,r
131_4.png,131,l
131_5.png,131,l
131_6.png,131,r
131_7.png,131,r
131_8.png,131,l
131_9.png,131,-
132_0.png,132,l
132_1.png,132,r
132_2.png,132,r
132_3.png,132,r
132_4.png,132,l
132_5.png,132,r
132_6.png,132,l
132_7.png,132,r
133_0.png,133,r
133_1.png,133,l
133_2.png,133,l
133_3.png,133,l
133_4.png,133,r
133_5.png,133,l
133_6.png,133,r
133_7.png,133,r
133_8.png,133,l
134_0.png,134,l
134_1.png,134,r
134_2.png,134,r
134_3.png,134,r
134_4.png,134,l
135_0.png,135,l
135_1.png,135,l
135_2.png,135,l
135_3.png,135,r
135_4.png,135,r
135_5.png,135,l
136_0.png,136,l
136_1.png,136,r
136_2.png,136,r
136_3.png,136,l
136_4.png,136,l
136_5.png,136,r
137_0.png,137,l
137_1.png,137,r
137_2.png,137,r
137_3.png,137,l
137_4.png,137,r
137_5.png,137,l
137_6.png,137,l
138_0.png,138,r
138_1.png,138,l
138_2.png,138,l
138_3.png,138,r
138_4.png,138,l
138_5.png,138,r
138_6.png,138,r
138_7.png,138,l
139_0.png,139,l
139_1.png,139,r
139_2.png,139,l
139_3.png,139,l
139_4.png,139,r
140_0.png,140,l
140_1.png,140,l
140_2.png,140,r
140_3.png,140,r
140_4.png,140,r
140_5.png,140,r
140_6.png,140,l
141_0.png,141,r
141_1.png,141,l
141_2.png,141,l
141_3.png,141,r
141_4.png,141,r
141_5.png,141,l
141_6.png,141,l
142_0.png,142,l
142_1.png,142,r
142_10.png,142,r
142_2.png,142,r
142_3.png,142,l
142_4.png,142,l
142_5.png,142,r
142_6.png,142,r
142_7.png,142,l
142_8.png,142,l
142_9.png,142,l
143_0.png,143,r
143_1.png,143,r
143_10.png,143,r
143_11.png,143,l
143_12.png,143,l
143_2.png,143,l
143_3.png,143,l
143_4.png,143,r
143_5.png,143,l
143_6.png,143,r
143_7.png,143,l
143_8.png,143,l
143_9.png,143,r
144_0.png,144,r
144_1.png,144,l
144_2.png,144,l
144_3.png,144,r
144_4.png,144,r
144_5.png,144,r
144_6.png,144,l
145_0.png,145,r
145_1.png,145,l
145_2.png,145,r
145_3.png,145,l
145_4.png,145,r
145_5.png,145,l
146_0.png,146,l
146_1.png,146,r
146_2.png,146,l
146_3.png,146,l
146_4.png,146,l
146_5.png,146,r
146_6.png,146,r
147_0.png,147,-
147_1.png,147,l
147_2.png,147,r
147_3.png,147,l
147_4.png,147,l
147_5.png,147,r
147_6.png,147,l
148-1_0.png,148-1,l
148-1_1.png,148-1,r
148-1_2.png,148-1,l
148-1_3.png,148-1,l
148-1_4.png,148-1,l
148-1_5.png,148-1,r
148-1_6.png,148-1,l
148-1_7.png,148-1,r
149_0.png,149,l
149_1.png,149,r
149_10.png,149,r
149_2.png,149,r
149_3.png,149,l
149_4.png,149,l
149_5.png,149,r
149_6.png,149,r
149_7.png,149,l
149_8.png,149,l
149_9.png,149,r
150_0.png,150,l
150_1.png,150,r
150_2.png,150,r
150_3.png,150,r
150_4.png,150,l
150_5.png,150,l
150_6.png,150,l
150_7.png,150,r
151_0.png,151,r
151_1.png,151,r
151_2.png,151,l
151_3.png,151,r
151_4.png,151,l
151_5.png,151,l
151_6.png,151,r
152_0.png,152,r
152_1.png,152,r
152_2.png,152,l
152_3.png,152,l
152_4.png,152,r
152_5.png,152,l
152_6.png,152,l
152_7.png,152,r
153_0.png,153,r
153_1.png,153,l
153_2.png,153,r
153_3.png,153,l
153_4.png,153,r
153_5.png,153,l
153_6.png,153,r
153_7.png,153,r
153_8.png,153,r
153_9.png,153,l
154_0.png,154,r
154_1.png,154,l
154_2.png,154,l
154_3.png,154,r
154_4.png,154,r
154_5.png,154,l
154_6.png,154,l
154_7.png,154,r
154_8.png,154,l
154_9.png,154,r
155_0.png,155,l
155_1.png,155,r
155_2.png,155,r
155_3.png,155,l
155_4.png,155,l
155_5.png,155,r
155_6.png,155,l
155_7.png,155,r
156_0.png,156,l
156_1.png,156,l
156_2.png,156,-
156_3.png,156,r
157_0.png,157,r
157_1.png,157,l
157_2.png,157,r
157_3.png,157,l
158_0.png,158,l
158_1.png,158,r
158_10.png,158,r
158_11.png,158,r
158_12.png,158,l
158_13.png,158,l
158_14.png,158,r
158_15.png,158,l
158_16.png,158,l
158_2.png,158,l
158_3.png,158,l
158_4.png,158,r
158_5.png,158,-
158_6.png,158,r
158_7.png,158,l
158_8.png,158,l
158_9.png,158,r
159_0.png,159,r
159_1.png,159,l
159_10.png,159,r
159_11.png,159,r
159_12.png,159,r
159_2.png,159,l
159_3.png,159,r
159_4.png,159,l
159_5.png,159,r
159_6.png,159,r
159_7.png,159,l
159_8.png,159,r
159_9.png,159,-
160_0.png,160,l
160_1.png,160,r
160_2.png,160,-
160_3.png,160,l
160_4.png,160,r
160_5.png,160,r
160_6.png,160,l
160_7.png,160,r
161_0.png,161,l
161_1.png,161,r
161_2.png,161,r
161_3.png,161,l
161_4.png,161,l
161_5.png,161,r
161_6.png,161,r
161_7.png,161,l
161_8.png,161,l
161_9.png,161,r
163-2_0.png,163-2,l
163-2_1.png,163-2,r
163-2_2.png,163-2,l
163-2_3.png,163-2,l
163_0.png,163,r
163_1.png,163,l
163_2.png,163,l
163_3.png,163,r
163_4.png,163,l
164_0.png,164,r
164_1.png,164,l
164_2.png,164,l
164_3.png,164,r
165_0.png,165,r
165_1.png,165,l
165_2.png,165,l
167_0.png,167,l
167_1.png,167,r
168_0.png,168,l
169_0.png,169,-
169_1.png,169,l
16_0.png,16,-
16_1.png,16,r
16_2.png,16,l
16_3.png,16,l
16_4.png,16,r
16_5.png,16,l
170_0.png,170,l
170_1.png,170,r
170_2.png,170,l
172_0.png,172,r
172_1.png,172,l
172_2.png,172,l
172_3.png,172,r
178_0.png,178,r
178_1.png,178,l
178_2.png,178,r
178_3.png,178,l
17_0.png,17,l
17_1.png,17,l
17_2.png,17,r
180_0.png,180,l
180_1.png,180,l
180_2.png,180,r
180_3.png,180,l
180_4.png,180,r
180_5.png,180,r
181_0.png,181,r
181_1.png,181,l
181_2.png,181,r
181_3.png,181,r
181_4.png,181,l
182_0.png,182,r
182_1.png,182,-
182_2.png,182,r
183_0.png,183,-
183_1.png,183,-
183_2.png,183,-
183_3.png,183,-
184_0.png,184,-
184_1.png,184,-
184_2.png,184,-
184_3.png,184,-
184_4.png,184,-
185_0.png,185,r
185_1.png,185,l
185_2.png,185,r
185_3.png,185,l
185_4.png,185,l
185_5.png,185,l
186_0.png,186,r
186_1.png,186,r
186_2.png,186,r
186_3.png,186,l
186_4.png,186,l
186_5.png,186,r
186_6.png,186,r
187_0.png,187,l
187_1.png,187,r
187_2.png,187,l
187_3.png,187,-
187_4.png,187,l
187_5.png,187,l
187_6.png,187,r
187_7.png,187,-
187_8.png,187,l
187_9.png,187,r
188_0.png,188,l
188_1.png,188,r
188_2.png,188,l
188_3.png,188,r
188_4.png,188,l
188_5.png,188,l
189_0.png,189,r
189_1.png,189,l
189_2.png,189,-
189_3.png,189,r
189_4.png,189,l
189_5.png,189,l
189_6.png,189,r
189_7.png,189,l
18_0.png,18,r
18_1.png,18,l
18_2.png,18,l
18_3.png,18,r
18_4.png,18,r
18_5.png,18,l
190_0.png,190,r
190_1.png,190,l
190_2.png,190,l
190_3.png,190,r
190_4.png,190,l
191_0.png,191,l
191_1.png,191,l
191_2.png,191,r
191_3.png,191,l
191_4.png,191,r
191_5.png,191,r
192_0.png,192,r
192_1.png,192,l
192_2.png,192,r
192_3.png,192,r
192_4.png,192,r
192_5.png,192,l
192_6.png,192,l
192_7.png,192,r
193_0.png,193,r
193_1.png,193,-
193_2.png,193,r
193_3.png,193,r
193_4.png,193,r
193_5.png,193,l
194_0.png,194,l
194_1.png,194,l
194_2.png,194,r
194_3.png,194,l
194_4.png,194,l
194_5.png,194,r
194_6.png,194,l
194_7.png,194,r
195-2_0.png,195-2,l
195-2_1.png,195-2,r
195-2_2.png,195-2,l
195_0.png,195,r
195_1.png,195,l
195_2.png,195,l
195_3.png,195,r
195_4.png,195,l
195_5.png,195,r
196_0.png,196,r
196_1.png,196,l
196_2.png,196,l
196_3.png,196,r
196_4.png,196,l
196_5.png,196,l
197_0.png,197,r
197_1.png,197,l
197_2.png,197,r
197_3.png,197,l
197_4.png,197,r
197_5.png,197,l
198_0.png,198,l
198_1.png,198,l
198_2.png,198,r
198_3.png,198,-
198_4.png,198,l
198_5.png,198,r
199_0.png,199,r
199_1.png,199,r
199_2.png,199,l
199_3.png,199,l
199_4.png,199,r
199_5.png,199,r
199_6.png,199,l
199_7.png,199,l
19_0.png,19,r
19_1.png,19,l
19_2.png,19,l
19_3.png,19,r
19_4.png,19,r
19_5.png,19,l
1_0.png,1,l
1_1.png,1,r
1_2.png,1,r
1_3.png,1,r
1_4.png,1,l
1_5.png,1,r
1_6.png,1,r
1_7.png,1,l
200_0.png,200,r
200_1.png,200,r
200_2.png,200,r
200_3.png,200,l
200_4.png,200,r
200_5.png,200,l
202_0.png,202,l
202_1.png,202,l
202_2.png,202,r
202_3.png,202,l
202_4.png,202,r
204_0.png,204,l
204_1.png,204,r
204_2.png,204,r
204_3.png,204,l
204_4.png,204,l
204_5.png,204,r
204_6.png,204,l
205_0.png,205,r
205_1.png,205,l
205_2.png,205,l
205_3.png,205,r
205_4.png,205,r
206_0.png,206,r
206_1.png,206,l
206_2.png,206,l
206_3.png,206,r
206_4.png,206,r
206_5.png,206,l
206_6.png,206,r
207_0.png,207,r
207_1.png,207,r
207_2.png,207,l
207_3.png,207,l
207_4.png,207,r
207_5.png,207,r
207_6.png,207,l
207_7.png,207,r
208_0.png,208,r
208_1.png,208,l
208_2.png,208,l
208_3.png,208,r
208_4.png,208,r
208_5.png,208,l
209_0.png,209,l
209_1.png,209,r
209_2.png,209,r
209_3.png,209,l
209_4.png,209,l
209_5.png,209,r
209_6.png,209,r
209_7.png,209,l
20_0.png,20,l
20_1.png,20,r
20_2.png,20,l
20_3.png,20,l
20_4.png,20,r
210_0.png,210,l
210_1.png,210,r
210_2.png,210,r
210_3.png,210,l
210_4.png,210,l
210_5.png,210,r
210_6.png,210,l
212_0.png,212,r
212_1.png,212,r
212_2.png,212,r
212_3.png,212,l
212_4.png,212,r
212_5.png,212,l
213_0.png,213,l
213_1.png,213,l
213_2.png,213,l
213_3.png,213,r
213_4.png,213,r
213_5.png,213,l
213_6.png,213,l
213_7.png,213,r
214_0.png,214,l
214_1.png,214,l
214_2.png,214,r
214_3.png,214,l
214_4.png,214,r
215_0.png,215,r
215_1.png,215,l
215_2.png,215,l
215_3.png,215,-
215_4.png,215,l
215_5.png,215,l
215_6.png,215,r
215_7.png,215,l
216_0.png,216,r
216_1.png,216,l
216_2.png,216,l
216_3.png,216,r
216_4.png,216,r
216_5.png,216,l
216_6.png,216,r
216_7.png,216,l
217_0.png,217,l
217_1.png,217,r
217_2.png,217,l
217_3.png,217,l
217_4.png,217,r
218_0.png,218,l
218_1.png,218,r
218_2.png,218,l
218_3.png,218,l
218_4.png,218,r
218_5.png,218,r
218_6.png,218,l
218_7.png,218,l
219_0.png,219,l
219_1.png,219,r
219_2.png,219,r
219_3.png,219,l
219_4.png,219,r
219_5.png,219,l
219_6.png,219,l
219_7.png,219,r
21_0.png,21,r
21_1.png,21,l
21_2.png,21,l
21_3.png,21,r
21_4.png,21,l
21_5.png,21,r
21_6.png,21,l
220_0.png,220,r
220_1.png,220,r
220_2.png,220,l
220_3.png,220,l
220_4.png,220,l
220_5.png,220,r
220_6.png,220,l
220_7.png,220,l
222_0.png,222,l
222_1.png,222,r
222_2.png,222,l
222_3.png,222,r
222_4.png,222,l
222_5.png,222,r
222_6.png,222,r
222_7.png,222,l
223_0.png,223,r
223_1.png,223,r
223_2.png,223,l
223_3.png,223,r
223_4.png,223,r
223_5.png,223,l
224_0.png,224,l
224_1.png,224,r
224_2.png,224,r
224_3.png,224,l
224_4.png,224,l
224_5.png,224,r
225_0.png,225,l
225_1.png,225,r
225_2.png,225,r
225_3.png,225,l
225_4.png,225,r
225_5.png,225,l
225_6.png,225,l
225_7.png,225,r
226_0.png,226,l
226_1.png,226,l
226_2.png,226,r
226_3.png,226,r
226_4.png,226,l
227_0.png,227,l
227_1.png,227,r
227_2.png,227,l
227_3.png,227,-
227_4.png,227,l
227_5.png,227,l
227_6.png,227,r
227_7.png,227,l
227_8.png,227,r
228_0.png,228,r
228_1.png,228,l
228_2.png,228,-
228_3.png,228,l
228_4.png,228,l
228_5.png,228,r
228_6.png,228,l
229_0.png,229,r
229_1.png,229,r
229_2.png,229,l
229_3.png,229,r
229_4.png,229,r
229_5.png,229,r
22_0.png,22,l
22_1.png,22,r
22_2.png,22,-
22_3.png,22,r
22_4.png,22,l
22_5.png,22,l
22_6.png,22,l
22_7.png,22,r
230_0.png,230,r
230_1.png,230,l
230_2.png,230,l
230_3.png,230,r
230_4.png,230,r
230_5.png,230,l
231_0.png,231,r
231_1.png,231,l
231_2.png,231,l
231_3.png,231,r
231_4.png,231,r
232_0.png,232,l
232_1.png,232,r
232_2.png,232,l
232_3.png,232,r
232_4.png,232,r
232_5.png,232,r
233_0.png,233,l
233_1.png,233,r
233_2.png,233,r
233_3.png,233,l
233_4.png,233,l
234_0.png,234,l
234_1.png,234,l
234_2.png,234,r
234_3.png,234,l
234_4.png,234,l
234_5.png,234,r
234_6.png,234,l
234_7.png,234,r
235_0.png,235,r
235_1.png,235,l
235_2.png,235,r
235_3.png,235,l
236_0.png,236,r
236_1.png,236,l
236_2.png,236,l
236_3.png,236,r
236_4.png,236,r
237_0.png,237,l
237_1.png,237,r
237_2.png,237,l
237_3.png,237,r
237_4.png,237,r
237_5.png,237,l
237_6.png,237,r
238_0.png,238,l
238_1.png,238,r
238_2.png,238,l
238_3.png,238,l
238_4.png,238,r
239_0.png,239,r
239_1.png,239,l
239_2.png,239,l
239_3.png,239,l
239_4.png,239,r
239_5.png,239,l
239_6.png,239,l
239_7.png,239,r
23_0.png,23,l
23_1.png,23,l
23_2.png,23,l
23_3.png,23,l
23_4.png,23,r
23_5.png,23,r
240_0.png,240,l
240_1.png,240,r
240_2.png,240,r
240_3.png,240,r
240_4.png,240,r
240_5.png,240,l
240_6.png,240,-
240_7.png,240,-
241_0.png,241,l
241_1.png,241,r
241_2.png,241,l
241_3.png,241,r
241_4.png,241,r
241_5.png,241,r
241_6.png,241,l
241_7.png,241,r
242_0.png,242,l
242_1.png,242,r
242_2.png,242,l
242_3.png,242,l
242_4.png,242,r
242_5.png,242,r
242_6.png,242,l
242_7.png,242,l
243-1_0.png,243-1,r
243-1_1.png,243-1,r
243-1_2.png,243-1,l
243-1_3.png,243-1,l
243-1_4.png,243-1,r
243-1_5.png,243-1,r
243-1_6.png,243-1,l
243-1_7.png,243-1,l
244-1_0.png,244-1,l
244-1_1.png,244-1,r
244-1_2.png,244-1,r
244-1_3.png,244-1,l
244-1_4.png,244-1,r
245_0.png,245,r
245_1.png,245,l
245_2.png,245,l
245_3.png,245,r
245_4.png,245,r
245_5.png,245,r
245_6.png,245,l
246-1_0.png,246-1,l
246-1_1.png,246-1,r
246-1_2.png,246-1,r
246-1_3.png,246-1,r
246-1_4.png,246-1,l
246-1_5.png,246-1,l
247_0.png,247,r
247_1.png,247,l
247_2.png,247,r
247_3.png,247,l
247_4.png,247,r
247_5.png,247,r
247_6.png,247,l
248_0.png,248,l
248_1.png,248,r
248_2.png,248,r
248_3.png,248,l
248_4.png,248,r
248_5.png,248,l
249_0.png,249,r
249_1.png,249,l
249_2.png,249,r
249_3.png,249,r
249_4.png,249,r
249_5.png,249,l
249_6.png,249,r
249_7.png,249,r
249_8.png,249,l
24_0.png,24,r
24_1.png,24,l
24_2.png,24,l
24_3.png,24,r
250_0.png,250,r
250_1.png,250,l
250_2.png,250,l
250_3.png,250,r
250_4.png,250,r
250_5.png,250,l
250_6.png,250,l
250_7.png,250,r
250_8.png,250,r
250_9.png,250,l
251_0.png,251,r
251_1.png,251,l
251_2.png,251,l
251_3.png,251,r
251_4.png,251,l
251_5.png,251,l
251_6.png,251,r
252_0.png,252,r
252_1.png,252,l
252_2.png,252,l
252_3.png,252,r
252_4.png,252,r
252_5.png,252,l
252_6.png,252,l
252_7.png,252,r
252_8.png,252,r
253_0.png,253,r
253_1.png,253,l
253_2.png,253,r
253_3.png,253,r
253_4.png,253,l
254_0.png,254,r
254_1.png,254,l
254_2.png,254,r
254_3.png,254,l
254_4.png,254,l
254_5.png,254,r
255_0.png,255,l
255_1.png,255,r
255_2.png,255,l
255_3.png,255,r
255_4.png,255,r
255_5.png,255,l
255_6.png,255,l
256_0.png,256,l
256_1.png,256,r
256_2.png,256,r
256_3.png,256,l
256_4.png,256,r
256_5.png,256,r
256_6.png,256,l
257_0.png,257,l
257_1.png,257,r
257_2.png,257,l
257_3.png,257,l
257_4.png,257,r
257_5.png,257,r
257_6.png,257,l
258_0.png,258,r
258_1.png,258,l
258_2.png,258,r
258_3.png,258,r
258_4.png,258,l
258_5.png,258,l
259_0.png,259,r
259_1.png,259,r
259_2.png,259,r
259_3.png,259,l
25_0.png,25,r
25_1.png,25,r
25_2.png,25,l
25_3.png,25,l
25_4.png,25,l
25_5.png,25,r
25_6.png,25,r
260_0.png,260,r
260_1.png,260,l
260_2.png,260,r
260_3.png,260,l
260_4.png,260,l
260_5.png,260,r
260_6.png,260,l
260_7.png,260,r
261_0.png,261,r
261_1.png,261,l
261_2.png,261,l
261_3.png,261,r
261_4.png,261,r
261_5.png,261,l
262_0.png,262,r
262_1.png,262,l
262_2.png,262,r
262_3.png,262,l
262_4.png,262,l
262_5.png,262,r
263_0.png,263,r
263_1.png,263,l
263_2.png,263,l
263_3.png,263,l
263_4.png,263,r
263_5.png,263,l
264_0.png,264,-
264_1.png,264,r
264_2.png,264,r
264_3.png,264,l
264_4.png,264,l
264_5.png,264,l
264_6.png,264,r
265_0.png,265,r
265_1.png,265,-
265_2.png,265,l
265_3.png,265,l
265_4.png,265,l
265_5.png,265,l
265_6.png,265,r
26_0.png,26,l
26_1.png,26,r
26_2.png,26,r
26_3.png,26,r
26_4.png,26,l
26_5.png,26,r
26_6.png,26,r
26_7.png,26,l
27_0.png,27,r
27_1.png,27,l
27_2.png,27,r
27_3.png,27,l
27_4.png,27,l
27_5.png,27,r
27_6.png,27,r
28_0.png,28,l
28_1.png,28,r
28_2.png,28,l
28_3.png,28,r
28_4.png,28,l
28_5.png,28,r
29_0.png,29,r
29_1.png,29,l
29_2.png,29,l
29_3.png,29,r
29_4.png,29,r
29_5.png,29,l
29_6.png,29,l
29_7.png,29,r
29_8.png,29,r
29_9.png,29,l
2_0.png,2,l
2_1.png,2,l
2_2.png,2,r
2_3.png,2,r
2_4.png,2,l
31_0.png,31,l
31_1.png,31,r
31_2.png,31,r
31_3.png,31,l
31_4.png,31,l
31_5.png,31,l
31_6.png,31,l
31_7.png,31,r
32_0.png,32,l
32_1.png,32,l
32_2.png,32,r
32_3.png,32,r
32_4.png,32,l
32_5.png,32,l
32_6.png,32,r
33_0.png,33,r
33_1.png,33,l
33_2.png,33,-
33_3.png,33,r
33_4.png,33,r
34-1_0.png,34-1,-
34-1_1.png,34-1,-
34-1_2.png,34-1,-
34-1_3.png,34-1,-
34-2_0.png,34-2,r
34-2_1.png,34-2,-
34-2_2.png,34-2,r
34-2_3.png,34-2,l
34-2_4.png,34-2,r
34-2_5.png,34-2,l
35-2_0.png,35-2,-
35-2_1.png,35-2,-
35-2_2.png,35-2,-
35-2_3.png,35-2,-
35-2_4.png,35-2,-
35_0.png,35,l
35_1.png,35,r
35_2.png,35,r
35_3.png,35,l
35_4.png,35,l
36_0.png,36,l
36_1.png,36,r
36_2.png,36,l
36_3.png,36,l
36_4.png,36,r
36_5.png,36,r
37_0.png,37,r
37_1.png,37,l
37_2.png,37,r
37_3.png,37,r
37_4.png,37,l
38_0.png,38,l
38_1.png,38,r
38_2.png,38,r
38_3.png,38,l
38_4.png,38,l
38_5.png,38,r
39-2_0.png,39-2,l
39-2_1.png,39-2,r
39-2_2.png,39-2,r
39-2_3.png,39-2,l
39-2_4.png,39-2,l
39-2_5.png,39-2,r
39-2_6.png,39-2,r
3_0.png,3,r
3_1.png,3,l
3_2.png,3,l
3_3.png,3,r
3_4.png,3,r
3_5.png,3,l
40_0.png,40,l
40_1.png,40,l
40_2.png,40,r
40_3.png,40,l
40_4.png,40,r
40_5.png,40,r
41_0.png,41,l
41_1.png,41,r
41_2.png,41,-
41_3.png,41,l
41_4.png,41,r
42_0.png,42,l
42_1.png,42,r
42_2.png,42,r
42_3.png,42,l
42_4.png,42,l
42_5.png,42,r
43_0.png,43,l
43_1.png,43,l
43_2.png,43,r
43_3.png,43,r
43_4.png,43,l
44-1_0.png,44-1,r
44-1_1.png,44-1,-
44-1_2.png,44-1,r
44-1_3.png,44-1,l
44-1_4.png,44-1,l
44-2_0.png,44-2,r
44-2_1.png,44-2,r
44-2_2.png,44-2,l
45_0.png,45,l
45_1.png,45,r
45_2.png,45,r
45_3.png,45,l
45_4.png,45,r
46-1_0.png,46-1,r
46-1_1.png,46-1,l
46-1_2.png,46-1,r
46-1_3.png,46-1,r
46-1_4.png,46-1,l
46-1_5.png,46-1,l
46-1_6.png,46-1,r
47_0.png,47,r
47_1.png,47,r
47_2.png,47,l
47_3.png,47,l
47_4.png,47,r
47_5.png,47,l
47_6.png,47,r
47_7.png,47,r
47_8.png,47,l
48_0.png,48,r
48_1.png,48,l
48_2.png,48,l
48_3.png,48,r
48_4.png,48,r
48_5.png,48,l
49_0.png,49,l
49_1.png,49,l
49_2.png,49,r
49_3.png,49,r
49_4.png,49,l
49_5.png,49,l
4_0.png,4,r
4_1.png,4,r
4_2.png,4,l
4_3.png,4,l
4_4.png,4,l
4_5.png,4,r
50_0.png,50,r
50_1.png,50,l
50_2.png,50,l
50_3.png,50,r
50_4.png,50,l
51_0.png,51,l
51_1.png,51,l
51_2.png,51,l
51_3.png,51,r
51_4.png,51,r
51_5.png,51,l
51_6.png,51,l
51_7.png,51,r
52_0.png,52,r
52_1.png,52,l
52_2.png,52,l
52_3.png,52,r
52_4.png,52,l
52_5.png,52,r
53_0.png,53,l
53_1.png,53,r
53_2.png,53,r
53_3.png,53,r
53_4.png,53,l
54_0.png,54,-
54_1.png,54,-
54_2.png,54,-
54_3.png,54,-
54_4.png,54,-
55_0.png,55,r
55_1.png,55,l
55_2.png,55,l
55_3.png,55,r
55_4.png,55,r
55_5.png,55,l
57_0.png,57,l
57_1.png,57,l
57_2.png,57,r
57_3.png,57,r
57_4.png,57,l
57_5.png,57,l
57_6.png,57,r
58_0.png,58,l
58_1.png,58,r
58_2.png,58,r
58_3.png,58,l
58_4.png,58,l
58_5.png,58,r
58_6.png,58,r
59_0.png,59,r
59_1.png,59,l
59_2.png,59,r
59_3.png,59,l
59_4.png,59,r
59_5.png,59,l
5_0.png,5,l
5_1.png,5,r
5_2.png,5,r
5_3.png,5,l
5_4.png,5,r
5_5.png,5,l
60_0.png,60,l
60_1.png,60,r
60_2.png,60,l
60_3.png,60,l
60_4.png,60,r
60_5.png,60,r
60_6.png,60,l
61_0.png,61,r
61_1.png,61,l
61_2.png,61,l
61_3.png,61,r
61_4.png,61,l
61_5.png,61,r
61_6.png,61,r
61_7.png,61,l
61_8.png,61,l
61_9.png,61,r
62_0.png,62,l
62_1.png,62,r
62_2.png,62,l
62_3.png,62,r
62_4.png,62,r
62_5.png,62,l
63_0.png,63,l
63_1.png,63,r
63_10.png,63,l
63_2.png,63,r
63_3.png,63,l
63_4.png,63,l
63_5.png,63,r
63_6.png,63,l
63_7.png,63,l
63_8.png,63,r
63_9.png,63,r
64_0.png,64,r
64_1.png,64,r
64_2.png,64,l
64_3.png,64,l
64_4.png,64,r
64_5.png,64,r
64_6.png,64,l
64_7.png,64,r
64_8.png,64,r
64_9.png,64,l
65_0.png,65,r
65_1.png,65,l
65_2.png,65,l
65_3.png,65,r
65_4.png,65,r
65_5.png,65,l
65_6.png,65,l
65_7.png,65,r
66_0.png,66,l
66_1.png,66,r
66_2.png,66,l
66_3.png,66,l
66_4.png,66,r
66_5.png,66,r
66_6.png,66,l
66_7.png,66,l
67_0.png,67,r
67_1.png,67,l
67_2.png,67,r
67_3.png,67,l
67_4.png,67,r
67_5.png,67,r
67_6.png,67,l
68_0.png,68,l
68_1.png,68,r
68_2.png,68,r
68_3.png,68,l
68_4.png,68,l
68_5.png,68,l
69_0.png,69,r
69_1.png,69,l
69_2.png,69,r
69_3.png,69,r
69_4.png,69,r
69_5.png,69,l
70_0.png,70,r
70_1.png,70,l
70_2.png,70,l
70_3.png,70,r
71_0.png,71,r
71_1.png,71,l
71_2.png,71,r
72_0.png,72,r
72_1.png,72,l
72_2.png,72,r
74_0.png,74,l
74_1.png,74,r
74_2.png,74,r
74_3.png,74,r
74_4.png,74,r
74_5.png,74,-
75_0.png,75,r
75_1.png,75,l
75_2.png,75,l
75_3.png,75,r
75_4.png,75,r
75_5.png,75,l
75_6.png,75,l
75_7.png,75,r
75_8.png,75,r
75_9.png,75,l
76_0.png,76,l
76_1.png,76,l
76_2.png,76,r
76_3.png,76,r
76_4.png,76,l
76_5.png,76,l
76_6.png,76,l
76_7.png,76,r
77_0.png,77,l
77_1.png,77,l
77_2.png,77,r
77_3.png,77,r
77_4.png,77,r
77_5.png,77,l
78_0.png,78,l
78_1.png,78,r
78_2.png,78,l
78_3.png,78,l
78_4.png,78,r
79_0.png,79,l
79_1.png,79,r
79_2.png,79,r
79_3.png,79,l
79_4.png,79,r
79_5.png,79,r
79_6.png,79,l
79_7.png,79,l
79_8.png,79,r
7_0.png,7,r
7_1.png,7,l
7_2.png,7,l
7_3.png,7,l
7_4.png,7,r
80_0.png,80,r
80_1.png,80,l
80_2.png,80,l
80_3.png,80,r
80_4.png,80,r
80_5.png,80,l
81_0.png,81,r
81_1.png,81,l
81_2.png,81,l
81_3.png,81,r
82_0.png,82,r
82_1.png,82,r
82_2.png,82,l
82_3.png,82,l
82_4.png,82,r
82_5.png,82,l
82_6.png,82,r
83_0.png,83,l
83_1.png,83,r
83_2.png,83,l
83_3.png,83,r
83_4.png,83,r
83_5.png,83,l
84_0.png,84,r
84_1.png,84,l
84_2.png,84,r
84_3.png,84,-
84_4.png,84,l
84_5.png,84,r
84_6.png,84,r
85_0.png,85,l
85_1.png,85,l
85_2.png,85,r
85_3.png,85,r
85_4.png,85,l
85_5.png,85,l
85_6.png,85,r
86_0.png,86,l
86_1.png,86,l
86_2.png,86,r
86_3.png,86,r
86_4.png,86,l
86_5.png,86,l
86_6.png,86,l
86_7.png,86,r
87_0.png,87,r
87_1.png,87,l
87_2.png,87,l
87_3.png,87,r
87_4.png,87,r
87_5.png,87,l
87_6.png,87,l
87_7.png,87,r
89_0.png,89,l
89_1.png,89,r
89_2.png,89,r
89_3.png,89,r
89_4.png,89,l
89_5.png,89,r
89_6.png,89,r
8_0.png,8,l
8_1.png,8,r
8_2.png,8,r
8_3.png,8,l
8_4.png,8,r
8_5.png,8,l
90_0.png,90,l
90_1.png,90,r
90_2.png,90,r
90_3.png,90,l
90_4.png,90,l
90_5.png,90,r
91_0.png,91,l
91_1.png,91,l
91_2.png,91,r
91_3.png,91,l
91_4.png,91,r
91_5.png,91,r
92_0.png,92,l
92_1.png,92,r
92_2.png,92,l
92_3.png,92,l
92_4.png,92,r
93_0.png,93,l
93_1.png,93,r
93_2.png,93,l
93_3.png,93,r
93_4.png,93,l
93_5.png,93,r
94_0.png,94,r
94_1.png,94,l
94_2.png,94,l
94_3.png,94,r
94_4.png,94,r
94_5.png,94,l
94_6.png,94,l
95_0.png,95,r
95_1.png,95,r
95_2.png,95,l
95_3.png,95,l
95_4.png,95,l
95_5.png,95,r
96_0.png,96,r
96_1.png,96,l
96_2.png,96,l
96_3.png,96,r
96_4.png,96,r
96_5.png,96,l
97_0.png,97,l
97_1.png,97,l
97_2.png,97,r
97_3.png,97,r
97_4.png,97,l
97_5.png,97,r
99_0.png,99,l
99_1.png,99,r
99_2.png,99,r
99_3.png,99,r
99_4.png,99,l
99_5.png,99,l
9_0.png,9,r
9_1.png,9,l
9_2.png,9,l
9_3.png,9,r
9_4.png,9,l
9_5.png,9,l
9_6.png,9,r
