fname,pre,label,tr/ts
0_0.png,0,0,tr
0_1.png,0,1,tr
0_10.png,0,0,tr
0_11.png,0,1,tr
0_12.png,0,0,tr
0_13.png,0,1,tr
0_2.png,0,0,tr
0_3.png,0,1,tr
0_4.png,0,0,tr
0_5.png,0,1,tr
0_6.png,0,0,tr
0_7.png,0,1,ts
0_8.png,0,0,tr
0_9.png,0,1,tr
100_0.png,100,0,ts
100_1.png,100,1,ts
100_2.png,100,0,tr
100_3.png,100,1,tr
100_4.png,100,0,tr
100_5.png,100,1,tr
100_6.png,100,0,tr
100_7.png,100,1,tr
100_8.png,100,0,ts
100_9.png,100,1,tr
101_0.png,101,0,tr
101_1.png,101,1,tr
101_10.png,101,0,tr
101_11.png,101,1,tr
101_12.png,101,0,tr
101_13.png,101,1,tr
101_14.png,101,0,tr
101_15.png,101,1,tr
101_2.png,101,0,tr
101_3.png,101,1,ts
101_4.png,101,0,tr
101_5.png,101,1,tr
101_6.png,101,0,tr
101_7.png,101,1,tr
101_8.png,101,0,tr
101_9.png,101,1,ts
102_0.png,102,0,tr
102_1.png,102,1,tr
102_2.png,102,0,tr
102_3.png,102,1,tr
102_4.png,102,0,tr
102_5.png,102,1,tr
102_6.png,102,0,ts
102_7.png,102,1,tr
102_8.png,102,0,ts
102_9.png,102,1,tr
103_0.png,103,0,ts
103_1.png,103,1,ts
103_10.png,103,0,tr
103_11.png,103,1,tr
103_2.png,103,0,tr
103_3.png,103,1,tr
103_4.png,103,0,ts
103_5.png,103,1,ts
103_6.png,103,0,tr
103_7.png,103,1,tr
103_8.png,103,0,tr
103_9.png,103,1,tr
104_0.png,104,0,tr
104_1.png,104,1,ts
104_10.png,104,0,ts
104_11.png,104,1,tr
104_2.png,104,0,ts
104_3.png,104,1,tr
104_4.png,104,0,tr
104_5.png,104,1,ts
104_6.png,104,0,tr
104_7.png,104,1,ts
104_8.png,104,0,ts
104_9.png,104,1,ts
105_0.png,105,0,tr
105_1.png,105,1,tr
105_10.png,105,0,tr
105_11.png,105,1,tr
105_12.png,105,0,tr
105_13.png,105,1,tr
105_14.png,105,0,tr
105_15.png,105,1,tr
105_16.png,105,0,ts
105_17.png,105,1,tr
105_4.png,105,0,tr
105_5.png,105,1,ts
105_6.png,105,0,ts
105_7.png,105,1,ts
105_8.png,105,0,tr
105_9.png,105,1,tr
106_0.png,106,0,tr
106_1.png,106,1,tr
106_10.png,106,0,tr
106_11.png,106,1,ts
106_2.png,106,0,tr
106_3.png,106,1,tr
106_4.png,106,0,tr
106_5.png,106,1,tr
106_6.png,106,0,tr
106_7.png,106,1,tr
106_8.png,106,0,tr
106_9.png,106,1,ts
107_0.png,107,0,tr
107_1.png,107,1,tr
107_10.png,107,0,tr
107_11.png,107,1,tr
107_12.png,107,0,tr
107_13.png,107,1,tr
107_14.png,107,0,tr
107_15.png,107,1,ts
107_16.png,107,0,tr
107_17.png,107,1,ts
107_2.png,107,0,tr
107_3.png,107,1,tr
107_4.png,107,0,ts
107_5.png,107,1,tr
107_6.png,107,0,tr
107_7.png,107,1,tr
107_8.png,107,0,ts
107_9.png,107,1,tr
108_10.png,108,0,tr
108_11.png,108,1,tr
108_12.png,108,0,tr
108_13.png,108,1,ts
108_14.png,108,0,tr
108_15.png,108,1,ts
108_2.png,108,0,tr
108_3.png,108,1,ts
108_4.png,108,0,tr
108_5.png,108,1,tr
108_6.png,108,0,tr
108_7.png,108,1,tr
108_8.png,108,0,tr
108_9.png,108,1,ts
109_0.png,109,0,ts
109_1.png,109,1,tr
109_10.png,109,0,tr
109_11.png,109,1,tr
109_12.png,109,0,ts
109_13.png,109,1,tr
109_2.png,109,0,tr
109_3.png,109,1,tr
109_6.png,109,0,tr
109_7.png,109,1,tr
109_8.png,109,0,ts
109_9.png,109,1,ts
110_0.png,110,0,ts
110_1.png,110,1,tr
110_10.png,110,0,tr
110_11.png,110,1,tr
110_2.png,110,0,tr
110_3.png,110,1,ts
110_4.png,110,0,tr
110_5.png,110,1,tr
110_6.png,110,0,tr
110_7.png,110,1,ts
110_8.png,110,0,tr
110_9.png,110,1,tr
111_0.png,111,0,tr
111_1.png,111,1,ts
111_10.png,111,0,tr
111_11.png,111,1,ts
111_2.png,111,0,tr
111_3.png,111,1,tr
111_4.png,111,0,tr
111_5.png,111,1,ts
111_6.png,111,0,tr
111_7.png,111,1,tr
111_8.png,111,0,ts
111_9.png,111,1,ts
112_0.png,112,0,tr
112_1.png,112,1,ts
112_10.png,112,0,ts
112_11.png,112,1,tr
112_12.png,112,0,ts
112_13.png,112,1,ts
112_14.png,112,0,tr
112_15.png,112,1,tr
112_2.png,112,0,tr
112_3.png,112,1,ts
112_4.png,112,0,tr
112_5.png,112,1,tr
112_6.png,112,0,ts
112_7.png,112,1,ts
112_8.png,112,0,tr
112_9.png,112,1,tr
113_0.png,113,0,ts
113_1.png,113,1,tr
113_10.png,113,0,ts
113_11.png,113,1,tr
113_12.png,113,0,tr
113_13.png,113,1,tr
113_2.png,113,0,tr
113_3.png,113,1,ts
113_4.png,113,0,tr
113_5.png,113,1,tr
113_6.png,113,0,ts
113_7.png,113,1,tr
113_8.png,113,0,ts
113_9.png,113,1,ts
114_0.png,114,0,tr
114_1.png,114,1,tr
114_10.png,114,0,tr
114_11.png,114,1,ts
114_12.png,114,0,tr
114_13.png,114,1,ts
114_2.png,114,0,tr
114_3.png,114,1,ts
114_4.png,114,0,tr
114_5.png,114,1,tr
114_6.png,114,0,tr
114_7.png,114,1,tr
114_8.png,114,0,ts
114_9.png,114,1,ts
115_0.png,115,0,tr
115_1.png,115,1,tr
115_10.png,115,0,tr
115_11.png,115,1,ts
115_12.png,115,0,tr
115_13.png,115,1,tr
115_14.png,115,0,tr
115_15.png,115,1,ts
115_2.png,115,0,ts
115_3.png,115,1,ts
115_4.png,115,0,tr
115_5.png,115,1,tr
115_6.png,115,0,tr
115_7.png,115,1,tr
116_0.png,116,0,tr
116_1.png,116,1,tr
116_10.png,116,0,ts
116_11.png,116,1,ts
116_2.png,116,0,tr
116_3.png,116,1,tr
116_4.png,116,0,tr
116_5.png,116,1,tr
116_6.png,116,0,tr
116_7.png,116,1,tr
116_8.png,116,0,tr
116_9.png,116,1,tr
117_0.png,117,0,tr
117_1.png,117,1,tr
117_10.png,117,0,ts
117_11.png,117,1,tr
117_12.png,117,0,tr
117_13.png,117,1,ts
117_14.png,117,0,ts
117_15.png,117,1,tr
117_2.png,117,0,tr
117_3.png,117,1,tr
117_4.png,117,0,tr
117_5.png,117,1,tr
117_6.png,117,0,tr
117_7.png,117,1,tr
117_8.png,117,0,tr
117_9.png,117,1,ts
118_0.png,118,0,ts
118_1.png,118,1,tr
118_10.png,118,0,ts
118_11.png,118,1,tr
118_12.png,118,0,ts
118_13.png,118,1,tr
118_14.png,118,0,tr
118_15.png,118,1,tr
118_2.png,118,0,tr
118_3.png,118,1,tr
118_4.png,118,0,tr
118_5.png,118,1,tr
118_8.png,118,0,tr
118_9.png,118,1,tr
119_0.png,119,0,tr
119_1.png,119,1,tr
119_10.png,119,0,ts
119_11.png,119,1,tr
119_2.png,119,0,tr
119_3.png,119,1,tr
119_4.png,119,0,tr
119_5.png,119,1,tr
119_6.png,119,0,ts
119_7.png,119,1,ts
119_8.png,119,0,tr
119_9.png,119,1,ts
11_0.png,11,0,tr
11_1.png,11,1,tr
11_10.png,11,0,tr
11_11.png,11,1,ts
11_12.png,11,0,tr
11_13.png,11,1,tr
11_2.png,11,0,tr
11_3.png,11,1,tr
11_4.png,11,0,tr
11_5.png,11,1,tr
11_6.png,11,0,ts
11_7.png,11,1,tr
11_8.png,11,0,ts
11_9.png,11,1,ts
120_0.png,120,0,tr
120_1.png,120,1,tr
120_10.png,120,0,ts
120_11.png,120,1,tr
120_12.png,120,0,tr
120_13.png,120,1,ts
120_2.png,120,0,ts
120_3.png,120,1,ts
120_4.png,120,0,tr
120_5.png,120,1,ts
120_6.png,120,0,ts
120_7.png,120,1,tr
120_8.png,120,0,tr
120_9.png,120,1,tr
121_0.png,121,0,tr
121_1.png,121,1,ts
121_10.png,121,0,tr
121_11.png,121,1,tr
121_12.png,121,0,tr
121_13.png,121,1,tr
121_14.png,121,0,tr
121_15.png,121,1,ts
121_16.png,121,0,tr
121_17.png,121,1,tr
121_2.png,121,0,ts
121_3.png,121,1,tr
121_4.png,121,0,tr
121_5.png,121,1,ts
121_6.png,121,0,tr
121_7.png,121,1,tr
121_8.png,121,0,ts
121_9.png,121,1,tr
122_0.png,122,0,ts
122_1.png,122,1,tr
122_10.png,122,0,tr
122_11.png,122,1,ts
122_12.png,122,0,ts
122_13.png,122,1,ts
122_14.png,122,0,tr
122_15.png,122,1,tr
122_2.png,122,0,ts
122_3.png,122,1,tr
122_4.png,122,0,ts
122_5.png,122,1,tr
122_6.png,122,0,tr
122_7.png,122,1,tr
122_8.png,122,0,tr
122_9.png,122,1,ts
123_0.png,123,0,tr
123_1.png,123,1,ts
123_10.png,123,0,tr
123_11.png,123,1,ts
123_12.png,123,0,ts
123_13.png,123,1,tr
123_14.png,123,0,tr
123_15.png,123,1,tr
123_2.png,123,0,ts
123_3.png,123,1,tr
123_6.png,123,0,tr
123_7.png,123,1,tr
123_8.png,123,0,tr
123_9.png,123,1,tr
124_0.png,124,0,tr
124_1.png,124,1,tr
124_10.png,124,0,ts
124_11.png,124,1,tr
124_2.png,124,0,tr
124_3.png,124,1,tr
124_4.png,124,0,tr
124_5.png,124,1,tr
124_6.png,124,0,tr
124_7.png,124,1,tr
124_8.png,124,0,tr
124_9.png,124,1,ts
125_0.png,125,0,tr
125_1.png,125,1,ts
125_2.png,125,0,tr
125_3.png,125,1,tr
125_4.png,125,0,tr
125_5.png,125,1,ts
125_6.png,125,0,tr
125_7.png,125,1,tr
126_0.png,126,0,ts
126_1.png,126,1,tr
126_10.png,126,0,tr
126_11.png,126,1,tr
126_2.png,126,0,tr
126_3.png,126,1,tr
126_4.png,126,0,tr
126_5.png,126,1,tr
126_6.png,126,0,tr
126_7.png,126,1,ts
126_8.png,126,0,tr
126_9.png,126,1,tr
127_0.png,127,0,tr
127_1.png,127,1,tr
127_2.png,127,0,tr
127_3.png,127,1,tr
127_4.png,127,0,ts
127_5.png,127,1,ts
127_6.png,127,0,tr
127_7.png,127,1,ts
127_8.png,127,0,ts
127_9.png,127,1,tr
128_0.png,128,0,tr
128_1.png,128,1,tr
128_10.png,128,0,ts
128_11.png,128,1,ts
128_12.png,128,0,tr
128_13.png,128,1,tr
128_2.png,128,0,ts
128_3.png,128,1,ts
128_4.png,128,0,tr
128_5.png,128,1,tr
128_6.png,128,0,tr
128_7.png,128,1,tr
128_8.png,128,0,tr
128_9.png,128,1,tr
129_0.png,129,0,ts
129_1.png,129,1,tr
129_10.png,129,0,tr
129_11.png,129,1,ts
129_12.png,129,0,ts
129_13.png,129,1,ts
129_14.png,129,0,tr
129_15.png,129,1,tr
129_16.png,129,0,tr
129_17.png,129,1,tr
129_18.png,129,0,ts
129_19.png,129,1,tr
129_2.png,129,0,tr
129_3.png,129,1,tr
129_4.png,129,0,tr
129_5.png,129,1,tr
129_6.png,129,0,tr
129_7.png,129,1,tr
129_8.png,129,0,ts
129_9.png,129,1,tr
12_0.png,12,0,tr
12_1.png,12,1,tr
12_2.png,12,0,tr
12_3.png,12,1,tr
12_4.png,12,0,tr
12_5.png,12,1,tr
12_6.png,12,0,tr
12_7.png,12,1,tr
130_0.png,130,0,ts
130_1.png,130,1,tr
130_10.png,130,0,tr
130_11.png,130,1,tr
130_12.png,130,0,tr
130_13.png,130,1,tr
130_14.png,130,0,tr
130_15.png,130,1,tr
130_16.png,130,0,tr
130_17.png,130,1,tr
130_2.png,130,0,tr
130_3.png,130,1,tr
130_4.png,130,0,tr
130_5.png,130,1,tr
130_6.png,130,0,tr
130_7.png,130,1,tr
130_8.png,130,0,tr
130_9.png,130,1,tr
131_0.png,131,0,tr
131_1.png,131,1,tr
131_10.png,131,0,tr
131_11.png,131,1,ts
131_12.png,131,0,ts
131_13.png,131,1,tr
131_14.png,131,0,tr
131_15.png,131,1,ts
131_16.png,131,0,ts
131_17.png,131,1,tr
131_2.png,131,0,tr
131_3.png,131,1,tr
131_4.png,131,0,tr
131_5.png,131,1,tr
131_6.png,131,0,tr
131_7.png,131,1,tr
131_8.png,131,0,tr
131_9.png,131,1,tr
132_0.png,132,0,tr
132_1.png,132,1,tr
132_10.png,132,0,tr
132_11.png,132,1,ts
132_12.png,132,0,tr
132_13.png,132,1,ts
132_14.png,132,0,tr
132_15.png,132,1,tr
132_2.png,132,0,tr
132_3.png,132,1,tr
132_4.png,132,0,ts
132_5.png,132,1,tr
132_6.png,132,0,tr
132_7.png,132,1,tr
132_8.png,132,0,tr
132_9.png,132,1,tr
133_0.png,133,0,tr
133_1.png,133,1,ts
133_10.png,133,0,tr
133_11.png,133,1,tr
133_12.png,133,0,tr
133_13.png,133,1,ts
133_14.png,133,0,tr
133_15.png,133,1,ts
133_16.png,133,0,tr
133_17.png,133,1,tr
133_2.png,133,0,tr
133_3.png,133,1,tr
133_4.png,133,0,tr
133_5.png,133,1,tr
133_6.png,133,0,tr
133_7.png,133,1,tr
133_8.png,133,0,tr
133_9.png,133,1,ts
134_0.png,134,0,ts
134_1.png,134,1,ts
134_2.png,134,0,ts
134_3.png,134,1,tr
134_4.png,134,0,tr
134_5.png,134,1,tr
134_6.png,134,0,tr
134_7.png,134,1,tr
134_8.png,134,0,tr
134_9.png,134,1,ts
135_0.png,135,0,tr
135_1.png,135,1,tr
135_10.png,135,0,tr
135_11.png,135,1,ts
135_2.png,135,0,tr
135_3.png,135,1,tr
135_4.png,135,0,tr
135_5.png,135,1,tr
135_6.png,135,0,tr
135_7.png,135,1,ts
135_8.png,135,0,tr
135_9.png,135,1,tr
136_0.png,136,0,tr
136_1.png,136,1,ts
136_10.png,136,0,tr
136_11.png,136,1,tr
136_2.png,136,0,tr
136_3.png,136,1,tr
136_4.png,136,0,tr
136_5.png,136,1,ts
136_6.png,136,0,tr
136_7.png,136,1,tr
136_8.png,136,0,tr
136_9.png,136,1,ts
137_0.png,137,0,ts
137_1.png,137,1,ts
137_10.png,137,0,ts
137_11.png,137,1,tr
137_12.png,137,0,ts
137_13.png,137,1,tr
137_2.png,137,0,tr
137_3.png,137,1,tr
137_4.png,137,0,ts
137_5.png,137,1,tr
137_6.png,137,0,tr
137_7.png,137,1,ts
137_8.png,137,0,tr
137_9.png,137,1,ts
138_0.png,138,0,ts
138_1.png,138,1,ts
138_10.png,138,0,ts
138_11.png,138,1,tr
138_12.png,138,0,tr
138_13.png,138,1,ts
138_14.png,138,0,tr
138_15.png,138,1,tr
138_2.png,138,0,tr
138_3.png,138,1,ts
138_4.png,138,0,tr
138_5.png,138,1,tr
138_6.png,138,0,ts
138_7.png,138,1,tr
138_8.png,138,0,ts
138_9.png,138,1,ts
139_0.png,139,0,tr
139_1.png,139,1,tr
139_2.png,139,0,tr
139_3.png,139,1,tr
139_4.png,139,0,ts
139_5.png,139,1,tr
139_6.png,139,0,ts
139_7.png,139,1,tr
139_8.png,139,0,tr
139_9.png,139,1,tr
140_0.png,140,0,tr
140_1.png,140,1,tr
140_10.png,140,0,tr
140_11.png,140,1,ts
140_12.png,140,0,tr
140_13.png,140,1,tr
140_2.png,140,0,ts
140_3.png,140,1,tr
140_4.png,140,0,ts
140_5.png,140,1,tr
140_6.png,140,0,tr
140_7.png,140,1,tr
140_8.png,140,0,tr
140_9.png,140,1,tr
141_0.png,141,0,tr
141_1.png,141,1,tr
141_10.png,141,0,tr
141_11.png,141,1,ts
141_12.png,141,0,tr
141_13.png,141,1,tr
141_2.png,141,0,tr
141_3.png,141,1,tr
141_4.png,141,0,tr
141_5.png,141,1,tr
141_6.png,141,0,ts
141_7.png,141,1,tr
141_8.png,141,0,tr
141_9.png,141,1,tr
142_0.png,142,0,ts
142_1.png,142,1,tr
142_10.png,142,0,tr
142_11.png,142,1,tr
142_12.png,142,0,tr
142_13.png,142,1,ts
142_14.png,142,0,tr
142_15.png,142,1,ts
142_16.png,142,0,tr
142_17.png,142,1,tr
142_18.png,142,0,tr
142_19.png,142,1,ts
142_2.png,142,0,tr
142_20.png,142,0,ts
142_21.png,142,1,tr
142_3.png,142,1,tr
142_4.png,142,0,tr
142_5.png,142,1,tr
142_6.png,142,0,tr
142_7.png,142,1,tr
142_8.png,142,0,tr
142_9.png,142,1,tr
143_0.png,143,0,tr
143_1.png,143,1,tr
143_10.png,143,0,tr
143_11.png,143,1,tr
143_12.png,143,0,tr
143_13.png,143,1,tr
143_14.png,143,0,tr
143_15.png,143,1,tr
143_16.png,143,0,tr
143_17.png,143,1,tr
143_18.png,143,0,ts
143_19.png,143,1,ts
143_2.png,143,0,ts
143_20.png,143,0,tr
143_21.png,143,1,tr
143_22.png,143,0,tr
143_23.png,143,1,tr
143_24.png,143,0,tr
143_25.png,143,1,tr
143_3.png,143,1,ts
143_4.png,143,0,tr
143_5.png,143,1,ts
143_6.png,143,0,ts
143_7.png,143,1,tr
143_8.png,143,0,tr
143_9.png,143,1,tr
144_0.png,144,0,tr
144_1.png,144,1,tr
144_10.png,144,0,tr
144_11.png,144,1,tr
144_12.png,144,0,tr
144_13.png,144,1,tr
144_2.png,144,0,tr
144_3.png,144,1,tr
144_4.png,144,0,ts
144_5.png,144,1,ts
144_8.png,144,0,ts
144_9.png,144,1,tr
145_0.png,145,0,tr
145_1.png,145,1,tr
145_10.png,145,0,tr
145_11.png,145,1,tr
145_2.png,145,0,tr
145_3.png,145,1,ts
145_4.png,145,0,ts
145_5.png,145,1,tr
145_6.png,145,0,ts
145_7.png,145,1,tr
145_8.png,145,0,tr
145_9.png,145,1,ts
146_0.png,146,0,ts
146_1.png,146,1,tr
146_10.png,146,0,tr
146_11.png,146,1,ts
146_12.png,146,0,tr
146_13.png,146,1,ts
146_4.png,146,0,tr
146_5.png,146,1,tr
146_6.png,146,0,tr
146_7.png,146,1,tr
146_8.png,146,0,ts
146_9.png,146,1,tr
147_0.png,147,0,tr
147_1.png,147,1,tr
147_10.png,147,0,tr
147_11.png,147,1,tr
147_12.png,147,0,tr
147_13.png,147,1,tr
147_2.png,147,0,tr
147_3.png,147,1,tr
147_4.png,147,0,tr
147_5.png,147,1,tr
147_6.png,147,0,tr
147_7.png,147,1,ts
147_8.png,147,0,tr
147_9.png,147,1,ts
148-1_0.png,148-1,0,tr
148-1_1.png,148-1,1,tr
148-1_10.png,148-1,0,ts
148-1_11.png,148-1,1,tr
148-1_12.png,148-1,0,tr
148-1_13.png,148-1,1,tr
148-1_14.png,148-1,0,tr
148-1_15.png,148-1,1,tr
148-1_2.png,148-1,0,tr
148-1_3.png,148-1,1,ts
148-1_4.png,148-1,0,tr
148-1_5.png,148-1,1,tr
148-1_6.png,148-1,0,tr
148-1_7.png,148-1,1,ts
148-1_8.png,148-1,0,tr
148-1_9.png,148-1,1,tr
149_0.png,149,0,tr
149_1.png,149,1,tr
149_10.png,149,0,tr
149_11.png,149,1,ts
149_12.png,149,0,tr
149_13.png,149,1,ts
149_14.png,149,0,tr
149_15.png,149,1,tr
149_16.png,149,0,ts
149_17.png,149,1,ts
149_18.png,149,0,tr
149_19.png,149,1,tr
149_2.png,149,0,ts
149_20.png,149,0,tr
149_21.png,149,1,tr
149_3.png,149,1,ts
149_4.png,149,0,tr
149_5.png,149,1,ts
149_6.png,149,0,ts
149_7.png,149,1,ts
149_8.png,149,0,tr
149_9.png,149,1,tr
150_0.png,150,0,tr
150_1.png,150,1,tr
150_10.png,150,0,tr
150_11.png,150,1,ts
150_12.png,150,0,ts
150_13.png,150,1,tr
150_14.png,150,0,tr
150_15.png,150,1,tr
150_2.png,150,0,tr
150_3.png,150,1,tr
150_4.png,150,0,tr
150_5.png,150,1,tr
150_6.png,150,0,tr
150_7.png,150,1,ts
150_8.png,150,0,tr
150_9.png,150,1,ts
151_0.png,151,0,ts
151_1.png,151,1,tr
151_10.png,151,0,tr
151_11.png,151,1,tr
151_12.png,151,0,tr
151_13.png,151,1,tr
151_2.png,151,0,tr
151_3.png,151,1,tr
151_4.png,151,0,ts
151_5.png,151,1,ts
151_6.png,151,0,ts
151_7.png,151,1,tr
151_8.png,151,0,tr
151_9.png,151,1,tr
152_0.png,152,0,tr
152_1.png,152,1,tr
152_10.png,152,0,tr
152_11.png,152,1,tr
152_12.png,152,0,tr
152_13.png,152,1,tr
152_14.png,152,0,tr
152_15.png,152,1,ts
152_2.png,152,0,tr
152_3.png,152,1,ts
152_4.png,152,0,tr
152_5.png,152,1,ts
152_6.png,152,0,tr
152_7.png,152,1,tr
152_8.png,152,0,tr
152_9.png,152,1,tr
153_0.png,153,0,ts
153_1.png,153,1,tr
153_10.png,153,0,tr
153_11.png,153,1,tr
153_12.png,153,0,ts
153_13.png,153,1,tr
153_14.png,153,0,tr
153_15.png,153,1,tr
153_16.png,153,0,tr
153_17.png,153,1,tr
153_18.png,153,0,tr
153_19.png,153,1,tr
153_2.png,153,0,tr
153_3.png,153,1,tr
153_4.png,153,0,tr
153_5.png,153,1,tr
153_6.png,153,0,tr
153_7.png,153,1,tr
153_8.png,153,0,ts
153_9.png,153,1,ts
154_0.png,154,0,tr
154_1.png,154,1,tr
154_10.png,154,0,tr
154_11.png,154,1,tr
154_12.png,154,0,tr
154_13.png,154,1,tr
154_14.png,154,0,tr
154_15.png,154,1,tr
154_16.png,154,0,tr
154_17.png,154,1,tr
154_18.png,154,0,tr
154_19.png,154,1,tr
154_2.png,154,0,tr
154_3.png,154,1,tr
154_4.png,154,0,tr
154_5.png,154,1,ts
154_6.png,154,0,tr
154_7.png,154,1,ts
154_8.png,154,0,tr
154_9.png,154,1,tr
155_0.png,155,0,tr
155_1.png,155,1,tr
155_10.png,155,0,tr
155_11.png,155,1,tr
155_12.png,155,0,tr
155_13.png,155,1,ts
155_14.png,155,0,tr
155_15.png,155,1,ts
155_2.png,155,0,tr
155_3.png,155,1,tr
155_4.png,155,0,ts
155_5.png,155,1,tr
155_6.png,155,0,tr
155_7.png,155,1,tr
155_8.png,155,0,tr
155_9.png,155,1,tr
156_0.png,156,0,tr
156_1.png,156,1,tr
156_2.png,156,0,tr
156_3.png,156,1,tr
156_4.png,156,0,tr
156_5.png,156,1,tr
156_6.png,156,0,ts
156_7.png,156,1,tr
157_0.png,157,0,ts
157_1.png,157,1,tr
157_2.png,157,0,tr
157_3.png,157,1,ts
157_6.png,157,0,tr
157_7.png,157,1,tr
158_10.png,158,0,ts
158_11.png,158,1,tr
158_12.png,158,0,tr
158_13.png,158,1,ts
158_2.png,158,0,tr
158_20.png,158,0,tr
158_21.png,158,1,tr
158_22.png,158,0,ts
158_23.png,158,1,tr
158_24.png,158,0,tr
158_25.png,158,1,tr
158_28.png,158,0,tr
158_29.png,158,1,tr
158_3.png,158,1,tr
158_30.png,158,0,tr
158_31.png,158,1,tr
158_6.png,158,0,tr
158_7.png,158,1,ts
158_8.png,158,0,tr
158_9.png,158,1,tr
159_0.png,159,0,tr
159_1.png,159,1,tr
159_10.png,159,0,ts
159_11.png,159,1,ts
159_12.png,159,0,tr
159_13.png,159,1,tr
159_14.png,159,0,tr
159_15.png,159,1,tr
159_16.png,159,0,tr
159_17.png,159,1,ts
159_18.png,159,0,ts
159_19.png,159,1,ts
159_2.png,159,0,ts
159_20.png,159,0,ts
159_21.png,159,1,tr
159_22.png,159,0,tr
159_23.png,159,1,tr
159_24.png,159,0,tr
159_25.png,159,1,tr
159_3.png,159,1,tr
159_4.png,159,0,tr
159_5.png,159,1,tr
159_6.png,159,0,tr
159_7.png,159,1,tr
159_8.png,159,0,ts
159_9.png,159,1,tr
160_0.png,160,0,tr
160_1.png,160,1,ts
160_10.png,160,0,tr
160_11.png,160,1,tr
160_12.png,160,0,tr
160_13.png,160,1,ts
160_14.png,160,0,tr
160_15.png,160,1,tr
160_2.png,160,0,tr
160_3.png,160,1,tr
160_4.png,160,0,tr
160_5.png,160,1,tr
160_6.png,160,0,tr
160_7.png,160,1,tr
160_8.png,160,0,ts
160_9.png,160,1,tr
161_0.png,161,0,tr
161_1.png,161,1,tr
161_10.png,161,0,tr
161_11.png,161,1,tr
161_12.png,161,0,tr
161_13.png,161,1,ts
161_14.png,161,0,tr
161_15.png,161,1,tr
161_16.png,161,0,ts
161_17.png,161,1,ts
161_18.png,161,0,ts
161_19.png,161,1,ts
161_2.png,161,0,ts
161_3.png,161,1,tr
161_4.png,161,0,tr
161_5.png,161,1,tr
161_6.png,161,0,tr
161_7.png,161,1,tr
161_8.png,161,0,tr
161_9.png,161,1,ts
163-2_0.png,163-2,0,tr
163-2_1.png,163-2,1,ts
163-2_2.png,163-2,0,tr
163-2_3.png,163-2,1,ts
163-2_4.png,163-2,0,tr
163-2_5.png,163-2,1,tr
163-2_6.png,163-2,0,tr
163-2_7.png,163-2,1,tr
163_0.png,163,0,tr
163_1.png,163,1,tr
163_2.png,163,0,tr
163_3.png,163,1,tr
163_4.png,163,0,ts
163_5.png,163,1,tr
163_6.png,163,0,tr
163_7.png,163,1,tr
163_8.png,163,0,tr
163_9.png,163,1,tr
164_0.png,164,0,tr
164_1.png,164,1,tr
164_2.png,164,0,tr
164_3.png,164,1,ts
164_4.png,164,0,tr
164_5.png,164,1,tr
164_6.png,164,0,tr
164_7.png,164,1,tr
165_0.png,165,0,tr
165_1.png,165,1,tr
165_4.png,165,0,ts
165_5.png,165,1,tr
16_0.png,16,0,tr
16_1.png,16,1,tr
16_10.png,16,0,tr
16_11.png,16,1,ts
16_2.png,16,0,tr
16_3.png,16,1,tr
16_4.png,16,0,tr
16_5.png,16,1,ts
16_6.png,16,0,tr
16_7.png,16,1,tr
170_0.png,170,0,tr
170_1.png,170,1,tr
170_2.png,170,0,tr
170_3.png,170,1,tr
170_4.png,170,0,tr
170_5.png,170,1,tr
172_0.png,172,0,tr
172_1.png,172,1,ts
172_2.png,172,0,ts
172_3.png,172,1,tr
172_4.png,172,0,tr
172_5.png,172,1,tr
172_6.png,172,0,tr
172_7.png,172,1,ts
178_0.png,178,0,tr
178_1.png,178,1,tr
178_2.png,178,0,ts
178_3.png,178,1,tr
178_4.png,178,0,tr
178_5.png,178,1,tr
178_6.png,178,0,ts
178_7.png,178,1,tr
17_0.png,17,0,tr
17_1.png,17,1,tr
17_2.png,17,0,tr
17_3.png,17,1,ts
17_4.png,17,0,tr
17_5.png,17,1,tr
180_0.png,180,0,ts
180_1.png,180,1,tr
180_10.png,180,0,ts
180_11.png,180,1,tr
180_2.png,180,0,ts
180_3.png,180,1,tr
180_6.png,180,0,tr
180_7.png,180,1,ts
180_8.png,180,0,tr
180_9.png,180,1,ts
181_0.png,181,0,tr
181_1.png,181,1,ts
181_2.png,181,0,ts
181_3.png,181,1,tr
181_4.png,181,0,tr
181_5.png,181,1,ts
181_6.png,181,0,tr
181_7.png,181,1,ts
181_8.png,181,0,tr
181_9.png,181,1,tr
182_0.png,182,0,tr
182_1.png,182,1,tr
182_2.png,182,0,tr
182_3.png,182,1,ts
182_4.png,182,0,tr
182_5.png,182,1,tr
185_0.png,185,0,tr
185_1.png,185,1,ts
185_10.png,185,0,tr
185_11.png,185,1,tr
185_4.png,185,0,tr
185_5.png,185,1,ts
185_6.png,185,0,tr
185_7.png,185,1,ts
185_8.png,185,0,ts
185_9.png,185,1,tr
186_0.png,186,0,tr
186_1.png,186,1,tr
186_10.png,186,0,tr
186_11.png,186,1,tr
186_12.png,186,0,tr
186_13.png,186,1,tr
186_2.png,186,0,tr
186_3.png,186,1,tr
186_4.png,186,0,tr
186_5.png,186,1,tr
186_8.png,186,0,tr
186_9.png,186,1,tr
187_0.png,187,0,tr
187_1.png,187,1,ts
187_10.png,187,0,tr
187_11.png,187,1,tr
187_12.png,187,0,ts
187_13.png,187,1,tr
187_16.png,187,0,tr
187_17.png,187,1,ts
187_18.png,187,0,tr
187_19.png,187,1,tr
187_2.png,187,0,ts
187_3.png,187,1,tr
187_4.png,187,0,tr
187_5.png,187,1,tr
187_6.png,187,0,tr
187_7.png,187,1,tr
188_0.png,188,0,tr
188_1.png,188,1,ts
188_10.png,188,0,tr
188_11.png,188,1,tr
188_2.png,188,0,tr
188_3.png,188,1,tr
188_4.png,188,0,ts
188_5.png,188,1,tr
188_6.png,188,0,ts
188_7.png,188,1,tr
188_8.png,188,0,tr
188_9.png,188,1,tr
189_0.png,189,0,tr
189_1.png,189,1,tr
189_10.png,189,0,ts
189_11.png,189,1,tr
189_12.png,189,0,tr
189_13.png,189,1,tr
189_14.png,189,0,tr
189_15.png,189,1,ts
189_2.png,189,0,ts
189_3.png,189,1,tr
189_6.png,189,0,ts
189_7.png,189,1,ts
189_8.png,189,0,tr
189_9.png,189,1,tr
18_0.png,18,0,tr
18_1.png,18,1,tr
18_10.png,18,0,tr
18_11.png,18,1,tr
18_2.png,18,0,ts
18_3.png,18,1,tr
18_4.png,18,0,ts
18_5.png,18,1,tr
18_6.png,18,0,tr
18_7.png,18,1,tr
18_8.png,18,0,tr
18_9.png,18,1,tr
190_0.png,190,0,ts
190_1.png,190,1,tr
190_2.png,190,0,ts
190_3.png,190,1,tr
190_4.png,190,0,tr
190_5.png,190,1,tr
190_6.png,190,0,ts
190_7.png,190,1,tr
190_8.png,190,0,tr
190_9.png,190,1,tr
191_0.png,191,0,tr
191_1.png,191,1,tr
191_10.png,191,0,tr
191_11.png,191,1,tr
191_2.png,191,0,tr
191_3.png,191,1,tr
191_4.png,191,0,tr
191_5.png,191,1,tr
191_6.png,191,0,tr
191_7.png,191,1,tr
191_8.png,191,0,tr
191_9.png,191,1,tr
192_0.png,192,0,tr
192_1.png,192,1,tr
192_10.png,192,0,tr
192_11.png,192,1,tr
192_12.png,192,0,tr
192_13.png,192,1,tr
192_14.png,192,0,ts
192_15.png,192,1,tr
192_2.png,192,0,tr
192_3.png,192,1,ts
192_4.png,192,0,tr
192_5.png,192,1,tr
192_6.png,192,0,tr
192_7.png,192,1,tr
192_8.png,192,0,tr
192_9.png,192,1,tr
193_0.png,193,0,tr
193_1.png,193,1,tr
193_10.png,193,0,tr
193_11.png,193,1,tr
193_2.png,193,0,tr
193_3.png,193,1,ts
193_4.png,193,0,tr
193_5.png,193,1,tr
193_6.png,193,0,tr
193_7.png,193,1,tr
193_8.png,193,0,tr
193_9.png,193,1,ts
194_0.png,194,0,ts
194_1.png,194,1,ts
194_10.png,194,0,tr
194_11.png,194,1,tr
194_12.png,194,0,ts
194_13.png,194,1,ts
194_2.png,194,0,tr
194_3.png,194,1,tr
194_4.png,194,0,tr
194_5.png,194,1,tr
194_6.png,194,0,tr
194_7.png,194,1,tr
194_8.png,194,0,tr
194_9.png,194,1,tr
195-2_0.png,195-2,0,ts
195-2_1.png,195-2,1,tr
195-2_2.png,195-2,0,tr
195-2_3.png,195-2,1,tr
195_0.png,195,0,tr
195_1.png,195,1,ts
195_10.png,195,0,ts
195_11.png,195,1,ts
195_2.png,195,0,ts
195_3.png,195,1,tr
195_4.png,195,0,tr
195_5.png,195,1,tr
195_6.png,195,0,tr
195_7.png,195,1,tr
195_8.png,195,0,ts
195_9.png,195,1,tr
196_0.png,196,0,ts
196_1.png,196,1,tr
196_10.png,196,0,ts
196_11.png,196,1,tr
196_2.png,196,0,tr
196_3.png,196,1,tr
196_4.png,196,0,tr
196_5.png,196,1,tr
196_6.png,196,0,tr
196_7.png,196,1,tr
196_8.png,196,0,tr
196_9.png,196,1,tr
197_0.png,197,0,tr
197_1.png,197,1,ts
197_10.png,197,0,ts
197_11.png,197,1,ts
197_2.png,197,0,ts
197_3.png,197,1,tr
197_4.png,197,0,tr
197_5.png,197,1,tr
197_6.png,197,0,tr
197_7.png,197,1,tr
197_8.png,197,0,tr
197_9.png,197,1,tr
198_10.png,198,0,ts
198_11.png,198,1,tr
198_2.png,198,0,ts
198_3.png,198,1,tr
198_4.png,198,0,tr
198_5.png,198,1,tr
198_8.png,198,0,tr
198_9.png,198,1,ts
199_0.png,199,0,tr
199_1.png,199,1,tr
199_10.png,199,0,tr
199_11.png,199,1,tr
199_12.png,199,0,ts
199_13.png,199,1,tr
199_14.png,199,0,tr
199_15.png,199,1,tr
199_2.png,199,0,tr
199_3.png,199,1,tr
199_4.png,199,0,tr
199_5.png,199,1,ts
199_6.png,199,0,tr
199_7.png,199,1,tr
199_8.png,199,0,tr
199_9.png,199,1,tr
19_0.png,19,0,ts
19_1.png,19,1,tr
19_10.png,19,0,tr
19_11.png,19,1,tr
19_2.png,19,0,tr
19_3.png,19,1,tr
19_4.png,19,0,tr
19_5.png,19,1,ts
19_6.png,19,0,tr
19_7.png,19,1,tr
19_8.png,19,0,ts
19_9.png,19,1,tr
1_0.png,1,0,tr
1_1.png,1,1,ts
1_10.png,1,0,tr
1_11.png,1,1,tr
1_12.png,1,0,ts
1_13.png,1,1,ts
1_14.png,1,0,tr
1_15.png,1,1,tr
1_2.png,1,0,ts
1_3.png,1,1,ts
1_4.png,1,0,tr
1_5.png,1,1,tr
1_6.png,1,0,tr
1_7.png,1,1,tr
1_8.png,1,0,tr
1_9.png,1,1,tr
200_0.png,200,0,ts
200_1.png,200,1,ts
200_10.png,200,0,tr
200_11.png,200,1,tr
200_2.png,200,0,ts
200_3.png,200,1,tr
200_4.png,200,0,tr
200_5.png,200,1,tr
200_6.png,200,0,tr
200_7.png,200,1,tr
200_8.png,200,0,tr
200_9.png,200,1,ts
202_0.png,202,0,tr
202_1.png,202,1,tr
202_2.png,202,0,tr
202_3.png,202,1,tr
202_4.png,202,0,ts
202_5.png,202,1,tr
202_6.png,202,0,tr
202_7.png,202,1,tr
202_8.png,202,0,ts
202_9.png,202,1,tr
204_0.png,204,0,tr
204_1.png,204,1,tr
204_10.png,204,0,tr
204_11.png,204,1,ts
204_12.png,204,0,tr
204_13.png,204,1,tr
204_2.png,204,0,tr
204_3.png,204,1,ts
204_4.png,204,0,tr
204_5.png,204,1,tr
204_6.png,204,0,ts
204_7.png,204,1,tr
204_8.png,204,0,tr
204_9.png,204,1,tr
205_0.png,205,0,tr
205_1.png,205,1,tr
205_2.png,205,0,tr
205_3.png,205,1,ts
205_4.png,205,0,tr
205_5.png,205,1,tr
205_6.png,205,0,tr
205_7.png,205,1,tr
205_8.png,205,0,ts
205_9.png,205,1,tr
206_0.png,206,0,tr
206_1.png,206,1,tr
206_10.png,206,0,tr
206_11.png,206,1,tr
206_12.png,206,0,tr
206_13.png,206,1,ts
206_2.png,206,0,ts
206_3.png,206,1,tr
206_4.png,206,0,tr
206_5.png,206,1,ts
206_8.png,206,0,tr
206_9.png,206,1,ts
207_0.png,207,0,tr
207_1.png,207,1,tr
207_10.png,207,0,tr
207_11.png,207,1,tr
207_14.png,207,0,tr
207_15.png,207,1,tr
207_2.png,207,0,tr
207_3.png,207,1,tr
207_4.png,207,0,tr
207_5.png,207,1,tr
207_8.png,207,0,tr
207_9.png,207,1,tr
208_0.png,208,0,tr
208_1.png,208,1,tr
208_10.png,208,0,ts
208_11.png,208,1,tr
208_2.png,208,0,tr
208_3.png,208,1,tr
208_4.png,208,0,ts
208_5.png,208,1,tr
208_6.png,208,0,tr
208_7.png,208,1,tr
208_8.png,208,0,tr
208_9.png,208,1,ts
209_0.png,209,0,tr
209_1.png,209,1,tr
209_10.png,209,0,tr
209_11.png,209,1,ts
209_12.png,209,0,tr
209_13.png,209,1,tr
209_14.png,209,0,tr
209_15.png,209,1,tr
209_2.png,209,0,tr
209_3.png,209,1,tr
209_4.png,209,0,tr
209_5.png,209,1,tr
209_6.png,209,0,ts
209_7.png,209,1,tr
209_8.png,209,0,tr
209_9.png,209,1,tr
20_0.png,20,0,tr
20_1.png,20,1,tr
20_2.png,20,0,tr
20_3.png,20,1,tr
20_4.png,20,0,tr
20_5.png,20,1,tr
20_6.png,20,0,tr
20_7.png,20,1,ts
20_8.png,20,0,tr
20_9.png,20,1,ts
210_0.png,210,0,tr
210_1.png,210,1,tr
210_10.png,210,0,tr
210_11.png,210,1,tr
210_2.png,210,0,tr
210_3.png,210,1,tr
210_6.png,210,0,tr
210_7.png,210,1,tr
210_8.png,210,0,tr
210_9.png,210,1,tr
212_0.png,212,0,ts
212_1.png,212,1,tr
212_10.png,212,0,ts
212_11.png,212,1,tr
212_2.png,212,0,tr
212_3.png,212,1,tr
212_4.png,212,0,tr
212_5.png,212,1,tr
212_6.png,212,0,tr
212_7.png,212,1,tr
212_8.png,212,0,ts
212_9.png,212,1,tr
213_0.png,213,0,tr
213_1.png,213,1,tr
213_10.png,213,0,tr
213_11.png,213,1,tr
213_12.png,213,0,tr
213_13.png,213,1,tr
213_14.png,213,0,ts
213_15.png,213,1,tr
213_2.png,213,0,tr
213_3.png,213,1,tr
213_4.png,213,0,tr
213_5.png,213,1,tr
213_6.png,213,0,tr
213_7.png,213,1,tr
213_8.png,213,0,tr
213_9.png,213,1,tr
214_0.png,214,0,ts
214_1.png,214,1,tr
214_4.png,214,0,tr
214_5.png,214,1,tr
214_6.png,214,0,tr
214_7.png,214,1,tr
215_0.png,215,0,tr
215_1.png,215,1,tr
215_10.png,215,0,ts
215_11.png,215,1,ts
215_12.png,215,0,ts
215_13.png,215,1,tr
215_14.png,215,0,tr
215_15.png,215,1,tr
215_2.png,215,0,tr
215_3.png,215,1,tr
215_4.png,215,0,tr
215_5.png,215,1,ts
215_8.png,215,0,ts
215_9.png,215,1,tr
216_0.png,216,0,tr
216_1.png,216,1,tr
216_10.png,216,0,tr
216_11.png,216,1,ts
216_12.png,216,0,tr
216_13.png,216,1,tr
216_14.png,216,0,tr
216_15.png,216,1,tr
216_2.png,216,0,tr
216_3.png,216,1,ts
216_6.png,216,0,tr
216_7.png,216,1,tr
216_8.png,216,0,tr
216_9.png,216,1,tr
217_0.png,217,0,ts
217_1.png,217,1,tr
217_2.png,217,0,tr
217_3.png,217,1,tr
217_4.png,217,0,tr
217_5.png,217,1,tr
217_6.png,217,0,ts
217_7.png,217,1,tr
217_8.png,217,0,tr
217_9.png,217,1,tr
218_0.png,218,0,ts
218_1.png,218,1,tr
218_12.png,218,0,tr
218_13.png,218,1,ts
218_14.png,218,0,ts
218_15.png,218,1,tr
218_4.png,218,0,ts
218_5.png,218,1,ts
218_6.png,218,0,tr
218_7.png,218,1,tr
219_0.png,219,0,tr
219_1.png,219,1,tr
219_10.png,219,0,tr
219_11.png,219,1,tr
219_12.png,219,0,ts
219_13.png,219,1,ts
219_14.png,219,0,tr
219_15.png,219,1,tr
219_2.png,219,0,tr
219_3.png,219,1,tr
219_4.png,219,0,tr
219_5.png,219,1,tr
219_6.png,219,0,tr
219_7.png,219,1,tr
219_8.png,219,0,tr
219_9.png,219,1,ts
21_0.png,21,0,tr
21_1.png,21,1,tr
21_10.png,21,0,tr
21_11.png,21,1,tr
21_12.png,21,0,tr
21_13.png,21,1,tr
21_2.png,21,0,tr
21_3.png,21,1,tr
21_4.png,21,0,ts
21_5.png,21,1,tr
21_6.png,21,0,ts
21_7.png,21,1,ts
21_8.png,21,0,tr
21_9.png,21,1,tr
220_0.png,220,0,tr
220_1.png,220,1,tr
220_10.png,220,0,tr
220_11.png,220,1,ts
220_12.png,220,0,tr
220_13.png,220,1,tr
220_14.png,220,0,ts
220_15.png,220,1,ts
220_2.png,220,0,ts
220_3.png,220,1,tr
220_4.png,220,0,tr
220_5.png,220,1,tr
220_6.png,220,0,tr
220_7.png,220,1,tr
220_8.png,220,0,tr
220_9.png,220,1,tr
222_0.png,222,0,tr
222_1.png,222,1,tr
222_10.png,222,0,tr
222_11.png,222,1,tr
222_14.png,222,0,tr
222_15.png,222,1,tr
222_2.png,222,0,ts
222_3.png,222,1,tr
222_4.png,222,0,tr
222_5.png,222,1,tr
222_6.png,222,0,ts
222_7.png,222,1,tr
222_8.png,222,0,tr
222_9.png,222,1,tr
223_0.png,223,0,ts
223_1.png,223,1,ts
223_10.png,223,0,tr
223_11.png,223,1,tr
223_2.png,223,0,tr
223_3.png,223,1,tr
223_4.png,223,0,ts
223_5.png,223,1,ts
223_6.png,223,0,tr
223_7.png,223,1,tr
223_8.png,223,0,tr
223_9.png,223,1,tr
224_0.png,224,0,tr
224_1.png,224,1,ts
224_10.png,224,0,ts
224_11.png,224,1,tr
224_2.png,224,0,tr
224_3.png,224,1,tr
224_4.png,224,0,tr
224_5.png,224,1,tr
224_6.png,224,0,ts
224_7.png,224,1,tr
224_8.png,224,0,ts
224_9.png,224,1,tr
225_10.png,225,0,ts
225_11.png,225,1,tr
225_12.png,225,0,tr
225_13.png,225,1,tr
225_14.png,225,0,tr
225_15.png,225,1,tr
225_2.png,225,0,ts
225_3.png,225,1,tr
225_6.png,225,0,tr
225_7.png,225,1,tr
225_8.png,225,0,tr
225_9.png,225,1,tr
226_0.png,226,0,tr
226_1.png,226,1,tr
226_2.png,226,0,ts
226_3.png,226,1,tr
226_4.png,226,0,tr
226_5.png,226,1,tr
226_8.png,226,0,tr
226_9.png,226,1,tr
227_0.png,227,0,tr
227_1.png,227,1,ts
227_12.png,227,0,tr
227_13.png,227,1,ts
227_14.png,227,0,ts
227_15.png,227,1,tr
227_16.png,227,0,tr
227_17.png,227,1,ts
227_2.png,227,0,tr
227_3.png,227,1,tr
227_4.png,227,0,tr
227_5.png,227,1,tr
227_8.png,227,0,tr
227_9.png,227,1,tr
228_0.png,228,0,tr
228_1.png,228,1,tr
228_10.png,228,0,ts
228_11.png,228,1,ts
228_12.png,228,0,tr
228_13.png,228,1,tr
228_2.png,228,0,tr
228_3.png,228,1,ts
228_4.png,228,0,ts
228_5.png,228,1,tr
228_6.png,228,0,tr
228_7.png,228,1,tr
228_8.png,228,0,ts
228_9.png,228,1,tr
229_0.png,229,0,ts
229_1.png,229,1,tr
229_10.png,229,0,ts
229_11.png,229,1,tr
229_2.png,229,0,tr
229_3.png,229,1,ts
229_4.png,229,0,ts
229_5.png,229,1,tr
229_6.png,229,0,ts
229_7.png,229,1,tr
229_8.png,229,0,tr
229_9.png,229,1,tr
22_0.png,22,0,ts
22_1.png,22,1,tr
22_10.png,22,0,tr
22_11.png,22,1,ts
22_12.png,22,0,tr
22_13.png,22,1,ts
22_14.png,22,0,ts
22_15.png,22,1,tr
22_2.png,22,0,tr
22_3.png,22,1,tr
22_4.png,22,0,tr
22_5.png,22,1,tr
22_6.png,22,0,tr
22_7.png,22,1,ts
22_8.png,22,0,ts
22_9.png,22,1,tr
230_0.png,230,0,tr
230_1.png,230,1,tr
230_10.png,230,0,tr
230_11.png,230,1,ts
230_2.png,230,0,ts
230_3.png,230,1,tr
230_4.png,230,0,tr
230_5.png,230,1,tr
230_6.png,230,0,ts
230_7.png,230,1,tr
230_8.png,230,0,tr
230_9.png,230,1,ts
231_0.png,231,0,tr
231_1.png,231,1,ts
231_2.png,231,0,tr
231_3.png,231,1,tr
231_4.png,231,0,tr
231_5.png,231,1,tr
231_6.png,231,0,tr
231_7.png,231,1,tr
231_8.png,231,0,tr
231_9.png,231,1,tr
232_0.png,232,0,tr
232_1.png,232,1,ts
232_10.png,232,0,tr
232_11.png,232,1,tr
232_2.png,232,0,tr
232_3.png,232,1,ts
232_4.png,232,0,tr
232_5.png,232,1,tr
232_6.png,232,0,ts
232_7.png,232,1,ts
232_8.png,232,0,tr
232_9.png,232,1,ts
233_0.png,233,0,tr
233_1.png,233,1,tr
233_2.png,233,0,ts
233_3.png,233,1,tr
233_4.png,233,0,tr
233_5.png,233,1,tr
233_6.png,233,0,tr
233_7.png,233,1,tr
233_8.png,233,0,tr
233_9.png,233,1,tr
234_0.png,234,0,tr
234_1.png,234,1,ts
234_14.png,234,0,tr
234_15.png,234,1,tr
234_2.png,234,0,tr
234_3.png,234,1,tr
234_4.png,234,0,tr
234_5.png,234,1,ts
234_6.png,234,0,ts
234_7.png,234,1,ts
234_8.png,234,0,tr
234_9.png,234,1,tr
235_0.png,235,0,ts
235_1.png,235,1,tr
235_2.png,235,0,tr
235_3.png,235,1,tr
235_4.png,235,0,tr
235_5.png,235,1,tr
235_6.png,235,0,tr
235_7.png,235,1,ts
236_0.png,236,0,ts
236_1.png,236,1,tr
236_2.png,236,0,ts
236_3.png,236,1,tr
236_4.png,236,0,tr
236_5.png,236,1,ts
236_6.png,236,0,tr
236_7.png,236,1,tr
237_0.png,237,0,tr
237_1.png,237,1,tr
237_10.png,237,0,ts
237_11.png,237,1,tr
237_12.png,237,0,ts
237_13.png,237,1,tr
237_2.png,237,0,tr
237_3.png,237,1,tr
237_4.png,237,0,tr
237_5.png,237,1,tr
237_6.png,237,0,tr
237_7.png,237,1,tr
237_8.png,237,0,ts
237_9.png,237,1,tr
238_0.png,238,0,ts
238_1.png,238,1,tr
238_2.png,238,0,tr
238_3.png,238,1,tr
238_4.png,238,0,tr
238_5.png,238,1,tr
238_6.png,238,0,tr
238_7.png,238,1,tr
239_0.png,239,0,tr
239_1.png,239,1,ts
239_10.png,239,0,ts
239_11.png,239,1,tr
239_12.png,239,0,tr
239_13.png,239,1,tr
239_14.png,239,0,tr
239_15.png,239,1,tr
239_2.png,239,0,ts
239_3.png,239,1,tr
239_6.png,239,0,tr
239_7.png,239,1,tr
239_8.png,239,0,tr
239_9.png,239,1,ts
23_0.png,23,0,tr
23_1.png,23,1,ts
23_10.png,23,0,ts
23_11.png,23,1,tr
23_2.png,23,0,ts
23_3.png,23,1,tr
23_4.png,23,0,tr
23_5.png,23,1,tr
23_6.png,23,0,tr
23_7.png,23,1,ts
23_8.png,23,0,ts
23_9.png,23,1,ts
240_0.png,240,0,tr
240_1.png,240,1,tr
240_10.png,240,0,tr
240_11.png,240,1,tr
240_2.png,240,0,tr
240_3.png,240,1,tr
240_4.png,240,0,tr
240_5.png,240,1,tr
240_6.png,240,0,tr
240_7.png,240,1,tr
240_8.png,240,0,ts
240_9.png,240,1,tr
241_12.png,241,0,tr
241_13.png,241,1,tr
241_14.png,241,0,tr
241_15.png,241,1,ts
241_2.png,241,0,ts
241_3.png,241,1,tr
241_4.png,241,0,ts
241_5.png,241,1,tr
241_6.png,241,0,tr
241_7.png,241,1,ts
241_8.png,241,0,ts
241_9.png,241,1,tr
242_0.png,242,0,ts
242_1.png,242,1,tr
242_10.png,242,0,ts
242_11.png,242,1,tr
242_12.png,242,0,tr
242_13.png,242,1,tr
242_14.png,242,0,tr
242_15.png,242,1,ts
242_2.png,242,0,tr
242_3.png,242,1,ts
242_4.png,242,0,ts
242_5.png,242,1,tr
242_6.png,242,0,tr
242_7.png,242,1,tr
243-1_0.png,243-1,0,tr
243-1_1.png,243-1,1,tr
243-1_10.png,243-1,0,tr
243-1_11.png,243-1,1,tr
243-1_14.png,243-1,0,tr
243-1_15.png,243-1,1,tr
243-1_2.png,243-1,0,tr
243-1_3.png,243-1,1,tr
243-1_4.png,243-1,0,tr
243-1_5.png,243-1,1,tr
243-1_6.png,243-1,0,tr
243-1_7.png,243-1,1,tr
243-1_8.png,243-1,0,tr
243-1_9.png,243-1,1,ts
244-1_0.png,244-1,0,ts
244-1_1.png,244-1,1,tr
244-1_2.png,244-1,0,tr
244-1_3.png,244-1,1,ts
244-1_4.png,244-1,0,tr
244-1_5.png,244-1,1,tr
244-1_6.png,244-1,0,tr
244-1_7.png,244-1,1,tr
244-1_8.png,244-1,0,tr
244-1_9.png,244-1,1,ts
245_0.png,245,0,ts
245_1.png,245,1,tr
245_10.png,245,0,ts
245_11.png,245,1,tr
245_12.png,245,0,ts
245_13.png,245,1,tr
245_2.png,245,0,tr
245_3.png,245,1,tr
245_4.png,245,0,tr
245_5.png,245,1,tr
245_6.png,245,0,tr
245_7.png,245,1,tr
245_8.png,245,0,tr
245_9.png,245,1,tr
246-1_0.png,246-1,0,tr
246-1_1.png,246-1,1,ts
246-1_10.png,246-1,0,tr
246-1_11.png,246-1,1,ts
246-1_2.png,246-1,0,ts
246-1_3.png,246-1,1,ts
246-1_4.png,246-1,0,tr
246-1_5.png,246-1,1,tr
246-1_6.png,246-1,0,ts
246-1_7.png,246-1,1,tr
246-1_8.png,246-1,0,tr
246-1_9.png,246-1,1,ts
247_0.png,247,0,tr
247_1.png,247,1,tr
247_10.png,247,0,tr
247_11.png,247,1,ts
247_12.png,247,0,tr
247_13.png,247,1,tr
247_2.png,247,0,tr
247_3.png,247,1,tr
247_4.png,247,0,ts
247_5.png,247,1,tr
247_6.png,247,0,tr
247_7.png,247,1,tr
247_8.png,247,0,tr
247_9.png,247,1,tr
248_10.png,248,0,ts
248_11.png,248,1,tr
248_2.png,248,0,ts
248_3.png,248,1,tr
248_4.png,248,0,tr
248_5.png,248,1,ts
248_6.png,248,0,ts
248_7.png,248,1,ts
248_8.png,248,0,ts
248_9.png,248,1,tr
249_0.png,249,0,tr
249_1.png,249,1,tr
249_12.png,249,0,tr
249_13.png,249,1,tr
249_14.png,249,0,tr
249_15.png,249,1,tr
249_16.png,249,0,tr
249_17.png,249,1,tr
249_4.png,249,0,tr
249_5.png,249,1,tr
249_6.png,249,0,tr
249_7.png,249,1,tr
249_8.png,249,0,tr
249_9.png,249,1,ts
24_0.png,24,0,tr
24_1.png,24,1,tr
24_2.png,24,0,ts
24_3.png,24,1,tr
24_4.png,24,0,tr
24_5.png,24,1,tr
24_6.png,24,0,tr
24_7.png,24,1,tr
250_0.png,250,0,tr
250_1.png,250,1,tr
250_10.png,250,0,ts
250_11.png,250,1,ts
250_14.png,250,0,tr
250_15.png,250,1,ts
250_16.png,250,0,ts
250_17.png,250,1,tr
250_2.png,250,0,tr
250_3.png,250,1,ts
250_4.png,250,0,ts
250_5.png,250,1,tr
250_6.png,250,0,tr
250_7.png,250,1,ts
250_8.png,250,0,ts
250_9.png,250,1,tr
251_10.png,251,0,ts
251_11.png,251,1,ts
251_12.png,251,0,tr
251_13.png,251,1,tr
251_2.png,251,0,ts
251_3.png,251,1,tr
251_4.png,251,0,tr
251_5.png,251,1,tr
251_6.png,251,0,ts
251_7.png,251,1,ts
251_8.png,251,0,tr
251_9.png,251,1,tr
252_0.png,252,0,tr
252_1.png,252,1,tr
252_10.png,252,0,tr
252_11.png,252,1,tr
252_12.png,252,0,tr
252_13.png,252,1,tr
252_14.png,252,0,tr
252_15.png,252,1,tr
252_16.png,252,0,tr
252_17.png,252,1,tr
252_4.png,252,0,tr
252_5.png,252,1,tr
252_6.png,252,0,ts
252_7.png,252,1,tr
252_8.png,252,0,tr
252_9.png,252,1,tr
253_0.png,253,0,tr
253_1.png,253,1,tr
253_2.png,253,0,ts
253_3.png,253,1,ts
253_4.png,253,0,tr
253_5.png,253,1,tr
253_6.png,253,0,tr
253_7.png,253,1,tr
253_8.png,253,0,tr
253_9.png,253,1,ts
254_0.png,254,0,tr
254_1.png,254,1,tr
254_10.png,254,0,ts
254_11.png,254,1,tr
254_2.png,254,0,ts
254_3.png,254,1,tr
254_4.png,254,0,tr
254_5.png,254,1,ts
254_6.png,254,0,tr
254_7.png,254,1,tr
254_8.png,254,0,ts
254_9.png,254,1,tr
255_0.png,255,0,tr
255_1.png,255,1,tr
255_10.png,255,0,ts
255_11.png,255,1,ts
255_12.png,255,0,tr
255_13.png,255,1,tr
255_2.png,255,0,tr
255_3.png,255,1,ts
255_4.png,255,0,tr
255_5.png,255,1,tr
255_6.png,255,0,tr
255_7.png,255,1,tr
255_8.png,255,0,tr
255_9.png,255,1,tr
256_0.png,256,0,tr
256_1.png,256,1,tr
256_10.png,256,0,tr
256_11.png,256,1,ts
256_12.png,256,0,tr
256_13.png,256,1,ts
256_2.png,256,0,tr
256_3.png,256,1,ts
256_4.png,256,0,tr
256_5.png,256,1,tr
256_8.png,256,0,tr
256_9.png,256,1,tr
257_0.png,257,0,tr
257_1.png,257,1,ts
257_10.png,257,0,tr
257_11.png,257,1,tr
257_12.png,257,0,tr
257_13.png,257,1,tr
257_4.png,257,0,tr
257_5.png,257,1,tr
257_6.png,257,0,tr
257_7.png,257,1,tr
258_0.png,258,0,tr
258_1.png,258,1,tr
258_10.png,258,0,tr
258_11.png,258,1,tr
258_2.png,258,0,tr
258_3.png,258,1,tr
258_4.png,258,0,tr
258_5.png,258,1,tr
258_6.png,258,0,tr
258_7.png,258,1,tr
258_8.png,258,0,tr
258_9.png,258,1,ts
259_0.png,259,0,tr
259_1.png,259,1,tr
259_2.png,259,0,tr
259_3.png,259,1,tr
259_4.png,259,0,tr
259_5.png,259,1,tr
259_6.png,259,0,ts
259_7.png,259,1,tr
25_0.png,25,0,tr
25_1.png,25,1,tr
25_10.png,25,0,ts
25_11.png,25,1,tr
25_12.png,25,0,ts
25_13.png,25,1,ts
25_2.png,25,0,tr
25_3.png,25,1,tr
25_4.png,25,0,ts
25_5.png,25,1,tr
25_6.png,25,0,tr
25_7.png,25,1,tr
25_8.png,25,0,tr
25_9.png,25,1,tr
260_0.png,260,0,tr
260_1.png,260,1,ts
260_10.png,260,0,tr
260_11.png,260,1,tr
260_12.png,260,0,tr
260_13.png,260,1,tr
260_14.png,260,0,tr
260_15.png,260,1,tr
260_2.png,260,0,ts
260_3.png,260,1,ts
260_4.png,260,0,tr
260_5.png,260,1,tr
260_6.png,260,0,tr
260_7.png,260,1,ts
260_8.png,260,0,tr
260_9.png,260,1,ts
261_0.png,261,0,ts
261_1.png,261,1,tr
261_10.png,261,0,tr
261_11.png,261,1,tr
261_2.png,261,0,ts
261_3.png,261,1,tr
261_4.png,261,0,tr
261_5.png,261,1,tr
261_6.png,261,0,tr
261_7.png,261,1,tr
261_8.png,261,0,tr
261_9.png,261,1,tr
262_0.png,262,0,tr
262_1.png,262,1,tr
262_10.png,262,0,tr
262_11.png,262,1,tr
262_2.png,262,0,ts
262_3.png,262,1,ts
262_4.png,262,0,tr
262_5.png,262,1,ts
262_6.png,262,0,tr
262_7.png,262,1,ts
262_8.png,262,0,tr
262_9.png,262,1,tr
263_0.png,263,0,tr
263_1.png,263,1,tr
263_10.png,263,0,ts
263_11.png,263,1,tr
263_2.png,263,0,tr
263_3.png,263,1,tr
263_4.png,263,0,ts
263_5.png,263,1,tr
263_6.png,263,0,tr
263_7.png,263,1,ts
263_8.png,263,0,ts
263_9.png,263,1,tr
264_10.png,264,0,tr
264_11.png,264,1,tr
264_12.png,264,0,tr
264_13.png,264,1,ts
264_2.png,264,0,ts
264_3.png,264,1,tr
264_4.png,264,0,tr
264_5.png,264,1,tr
264_6.png,264,0,tr
264_7.png,264,1,tr
264_8.png,264,0,ts
264_9.png,264,1,tr
265_0.png,265,0,tr
265_1.png,265,1,tr
265_10.png,265,0,tr
265_11.png,265,1,ts
265_12.png,265,0,tr
265_13.png,265,1,tr
265_2.png,265,0,tr
265_3.png,265,1,tr
265_4.png,265,0,tr
265_5.png,265,1,tr
265_6.png,265,0,tr
265_7.png,265,1,tr
265_8.png,265,0,tr
265_9.png,265,1,tr
26_0.png,26,0,tr
26_1.png,26,1,tr
26_10.png,26,0,tr
26_11.png,26,1,tr
26_12.png,26,0,ts
26_13.png,26,1,tr
26_14.png,26,0,tr
26_15.png,26,1,tr
26_2.png,26,0,tr
26_3.png,26,1,tr
26_4.png,26,0,tr
26_5.png,26,1,tr
26_6.png,26,0,tr
26_7.png,26,1,tr
26_8.png,26,0,tr
26_9.png,26,1,ts
27_0.png,27,0,tr
27_1.png,27,1,tr
27_10.png,27,0,ts
27_11.png,27,1,ts
27_12.png,27,0,tr
27_13.png,27,1,tr
27_2.png,27,0,tr
27_3.png,27,1,tr
27_4.png,27,0,tr
27_5.png,27,1,tr
27_6.png,27,0,tr
27_7.png,27,1,tr
28_0.png,28,0,ts
28_1.png,28,1,tr
28_10.png,28,0,ts
28_11.png,28,1,tr
28_2.png,28,0,ts
28_3.png,28,1,ts
28_4.png,28,0,ts
28_5.png,28,1,tr
28_6.png,28,0,tr
28_7.png,28,1,tr
28_8.png,28,0,tr
28_9.png,28,1,tr
29_0.png,29,0,ts
29_1.png,29,1,tr
29_10.png,29,0,tr
29_11.png,29,1,tr
29_12.png,29,0,tr
29_13.png,29,1,ts
29_14.png,29,0,tr
29_15.png,29,1,tr
29_16.png,29,0,tr
29_17.png,29,1,ts
29_18.png,29,0,tr
29_19.png,29,1,tr
29_2.png,29,0,ts
29_3.png,29,1,tr
29_4.png,29,0,tr
29_5.png,29,1,tr
29_6.png,29,0,tr
29_7.png,29,1,tr
29_8.png,29,0,ts
29_9.png,29,1,tr
2_0.png,2,0,tr
2_1.png,2,1,tr
2_2.png,2,0,ts
2_3.png,2,1,ts
2_4.png,2,0,tr
2_5.png,2,1,tr
2_6.png,2,0,tr
2_7.png,2,1,tr
2_8.png,2,0,ts
2_9.png,2,1,tr
31_0.png,31,0,tr
31_1.png,31,1,tr
31_10.png,31,0,tr
31_11.png,31,1,tr
31_12.png,31,0,tr
31_13.png,31,1,ts
31_14.png,31,0,tr
31_15.png,31,1,tr
31_2.png,31,0,tr
31_3.png,31,1,tr
31_4.png,31,0,tr
31_5.png,31,1,ts
31_6.png,31,0,tr
31_7.png,31,1,tr
31_8.png,31,0,tr
31_9.png,31,1,tr
32_0.png,32,0,ts
32_1.png,32,1,tr
32_10.png,32,0,tr
32_11.png,32,1,tr
32_12.png,32,0,tr
32_13.png,32,1,ts
32_2.png,32,0,tr
32_3.png,32,1,ts
32_4.png,32,0,tr
32_5.png,32,1,tr
32_6.png,32,0,tr
32_7.png,32,1,tr
32_8.png,32,0,tr
32_9.png,32,1,tr
33_0.png,33,0,tr
33_1.png,33,1,tr
33_2.png,33,0,tr
33_3.png,33,1,tr
33_4.png,33,0,tr
33_5.png,33,1,tr
33_6.png,33,0,ts
33_7.png,33,1,tr
33_8.png,33,0,tr
33_9.png,33,1,tr
34-2_0.png,34-2,0,ts
34-2_1.png,34-2,1,tr
34-2_10.png,34-2,0,ts
34-2_11.png,34-2,1,ts
34-2_2.png,34-2,0,tr
34-2_3.png,34-2,1,tr
34-2_4.png,34-2,0,tr
34-2_5.png,34-2,1,tr
34-2_6.png,34-2,0,tr
34-2_7.png,34-2,1,tr
34-2_8.png,34-2,0,ts
34-2_9.png,34-2,1,ts
35_0.png,35,0,ts
35_1.png,35,1,tr
35_2.png,35,0,tr
35_3.png,35,1,ts
35_4.png,35,0,tr
35_5.png,35,1,tr
35_6.png,35,0,tr
35_7.png,35,1,ts
35_8.png,35,0,tr
35_9.png,35,1,ts
36_0.png,36,0,ts
36_1.png,36,1,tr
36_10.png,36,0,ts
36_11.png,36,1,tr
36_2.png,36,0,ts
36_3.png,36,1,ts
36_4.png,36,0,tr
36_5.png,36,1,tr
36_6.png,36,0,tr
36_7.png,36,1,tr
36_8.png,36,0,tr
36_9.png,36,1,tr
37_0.png,37,0,tr
37_1.png,37,1,tr
37_2.png,37,0,tr
37_3.png,37,1,tr
37_4.png,37,0,tr
37_5.png,37,1,tr
37_6.png,37,0,tr
37_7.png,37,1,ts
37_8.png,37,0,tr
37_9.png,37,1,tr
38_0.png,38,0,tr
38_1.png,38,1,tr
38_10.png,38,0,tr
38_11.png,38,1,tr
38_2.png,38,0,ts
38_3.png,38,1,tr
38_4.png,38,0,tr
38_5.png,38,1,tr
38_6.png,38,0,tr
38_7.png,38,1,tr
38_8.png,38,0,tr
38_9.png,38,1,tr
39-2_0.png,39-2,0,ts
39-2_1.png,39-2,1,ts
39-2_10.png,39-2,0,tr
39-2_11.png,39-2,1,tr
39-2_12.png,39-2,0,tr
39-2_13.png,39-2,1,tr
39-2_2.png,39-2,0,tr
39-2_3.png,39-2,1,ts
39-2_4.png,39-2,0,ts
39-2_5.png,39-2,1,tr
39-2_6.png,39-2,0,tr
39-2_7.png,39-2,1,tr
39-2_8.png,39-2,0,tr
39-2_9.png,39-2,1,tr
3_0.png,3,0,ts
3_1.png,3,1,tr
3_10.png,3,0,tr
3_11.png,3,1,ts
3_2.png,3,0,ts
3_3.png,3,1,tr
3_4.png,3,0,ts
3_5.png,3,1,tr
3_6.png,3,0,tr
3_7.png,3,1,ts
3_8.png,3,0,tr
3_9.png,3,1,ts
40_0.png,40,0,tr
40_1.png,40,1,tr
40_2.png,40,0,tr
40_3.png,40,1,tr
40_4.png,40,0,tr
40_5.png,40,1,tr
40_6.png,40,0,tr
40_7.png,40,1,ts
40_8.png,40,0,tr
40_9.png,40,1,tr
41_0.png,41,0,ts
41_1.png,41,1,tr
41_2.png,41,0,ts
41_3.png,41,1,tr
41_4.png,41,0,tr
41_5.png,41,1,tr
41_6.png,41,0,ts
41_7.png,41,1,ts
41_8.png,41,0,tr
41_9.png,41,1,tr
42_10.png,42,0,tr
42_11.png,42,1,tr
42_2.png,42,0,tr
42_3.png,42,1,tr
42_4.png,42,0,tr
42_5.png,42,1,tr
42_6.png,42,0,ts
42_7.png,42,1,tr
42_8.png,42,0,tr
42_9.png,42,1,tr
43_0.png,43,0,ts
43_1.png,43,1,tr
43_2.png,43,0,ts
43_3.png,43,1,ts
43_4.png,43,0,tr
43_5.png,43,1,tr
43_6.png,43,0,tr
43_7.png,43,1,ts
43_8.png,43,0,tr
43_9.png,43,1,tr
44-1_0.png,44-1,0,ts
44-1_1.png,44-1,1,tr
44-1_2.png,44-1,0,tr
44-1_3.png,44-1,1,ts
44-1_4.png,44-1,0,tr
44-1_5.png,44-1,1,tr
44-1_6.png,44-1,0,tr
44-1_7.png,44-1,1,ts
44-1_8.png,44-1,0,ts
44-1_9.png,44-1,1,tr
44-2_0.png,44-2,0,ts
44-2_1.png,44-2,1,tr
44-2_2.png,44-2,0,tr
44-2_3.png,44-2,1,tr
44-2_4.png,44-2,0,tr
44-2_5.png,44-2,1,tr
45_0.png,45,0,tr
45_1.png,45,1,ts
45_2.png,45,0,ts
45_3.png,45,1,tr
45_4.png,45,0,tr
45_5.png,45,1,tr
45_6.png,45,0,tr
45_7.png,45,1,ts
45_8.png,45,0,ts
45_9.png,45,1,ts
46-1_0.png,46-1,0,tr
46-1_1.png,46-1,1,tr
46-1_10.png,46-1,0,tr
46-1_11.png,46-1,1,tr
46-1_12.png,46-1,0,tr
46-1_13.png,46-1,1,tr
46-1_2.png,46-1,0,tr
46-1_3.png,46-1,1,tr
46-1_4.png,46-1,0,tr
46-1_5.png,46-1,1,tr
46-1_6.png,46-1,0,ts
46-1_7.png,46-1,1,tr
46-1_8.png,46-1,0,tr
46-1_9.png,46-1,1,ts
47_0.png,47,0,tr
47_1.png,47,1,tr
47_10.png,47,0,ts
47_11.png,47,1,ts
47_12.png,47,0,tr
47_13.png,47,1,tr
47_14.png,47,0,tr
47_15.png,47,1,tr
47_16.png,47,0,tr
47_17.png,47,1,tr
47_2.png,47,0,tr
47_3.png,47,1,ts
47_4.png,47,0,tr
47_5.png,47,1,ts
47_6.png,47,0,tr
47_7.png,47,1,tr
47_8.png,47,0,tr
47_9.png,47,1,ts
48_0.png,48,0,tr
48_1.png,48,1,tr
48_10.png,48,0,tr
48_11.png,48,1,tr
48_2.png,48,0,ts
48_3.png,48,1,tr
48_4.png,48,0,tr
48_5.png,48,1,tr
48_6.png,48,0,tr
48_7.png,48,1,tr
48_8.png,48,0,ts
48_9.png,48,1,ts
49_0.png,49,0,tr
49_1.png,49,1,ts
49_2.png,49,0,tr
49_3.png,49,1,tr
49_4.png,49,0,ts
49_5.png,49,1,tr
49_6.png,49,0,tr
49_7.png,49,1,ts
49_8.png,49,0,ts
49_9.png,49,1,tr
4_0.png,4,0,ts
4_1.png,4,1,tr
4_10.png,4,0,ts
4_11.png,4,1,tr
4_2.png,4,0,tr
4_3.png,4,1,tr
4_4.png,4,0,tr
4_5.png,4,1,ts
4_6.png,4,0,tr
4_7.png,4,1,tr
4_8.png,4,0,tr
4_9.png,4,1,tr
50_0.png,50,0,ts
50_1.png,50,1,ts
50_6.png,50,0,tr
50_7.png,50,1,ts
50_8.png,50,0,ts
50_9.png,50,1,tr
51_0.png,51,0,ts
51_1.png,51,1,tr
51_10.png,51,0,tr
51_11.png,51,1,tr
51_12.png,51,0,tr
51_13.png,51,1,tr
51_14.png,51,0,ts
51_15.png,51,1,tr
51_2.png,51,0,tr
51_3.png,51,1,ts
51_6.png,51,0,ts
51_7.png,51,1,ts
52_0.png,52,0,tr
52_1.png,52,1,tr
52_10.png,52,0,tr
52_11.png,52,1,tr
52_2.png,52,0,tr
52_3.png,52,1,tr
52_4.png,52,0,tr
52_5.png,52,1,tr
52_6.png,52,0,ts
52_7.png,52,1,ts
53_0.png,53,0,tr
53_1.png,53,1,tr
53_2.png,53,0,tr
53_3.png,53,1,ts
53_4.png,53,0,tr
53_5.png,53,1,tr
53_6.png,53,0,tr
53_7.png,53,1,tr
53_8.png,53,0,ts
53_9.png,53,1,tr
55_0.png,55,0,tr
55_1.png,55,1,tr
55_10.png,55,0,tr
55_11.png,55,1,tr
55_2.png,55,0,tr
55_3.png,55,1,tr
55_4.png,55,0,tr
55_5.png,55,1,tr
55_6.png,55,0,tr
55_7.png,55,1,tr
55_8.png,55,0,tr
55_9.png,55,1,tr
57_0.png,57,0,tr
57_1.png,57,1,tr
57_10.png,57,0,tr
57_11.png,57,1,tr
57_12.png,57,0,tr
57_13.png,57,1,tr
57_2.png,57,0,ts
57_3.png,57,1,ts
57_4.png,57,0,ts
57_5.png,57,1,tr
57_6.png,57,0,tr
57_7.png,57,1,ts
57_8.png,57,0,tr
57_9.png,57,1,tr
58_0.png,58,0,tr
58_1.png,58,1,tr
58_10.png,58,0,tr
58_11.png,58,1,tr
58_12.png,58,0,tr
58_13.png,58,1,ts
58_2.png,58,0,tr
58_3.png,58,1,tr
58_4.png,58,0,tr
58_5.png,58,1,ts
58_6.png,58,0,ts
58_7.png,58,1,tr
58_8.png,58,0,ts
58_9.png,58,1,ts
59_0.png,59,0,ts
59_1.png,59,1,tr
59_10.png,59,0,tr
59_11.png,59,1,tr
59_2.png,59,0,ts
59_3.png,59,1,tr
59_4.png,59,0,tr
59_5.png,59,1,tr
59_6.png,59,0,tr
59_7.png,59,1,tr
59_8.png,59,0,tr
59_9.png,59,1,tr
5_0.png,5,0,tr
5_1.png,5,1,ts
5_10.png,5,0,tr
5_11.png,5,1,ts
5_2.png,5,0,tr
5_3.png,5,1,tr
5_4.png,5,0,tr
5_5.png,5,1,tr
5_6.png,5,0,tr
5_7.png,5,1,tr
5_8.png,5,0,ts
5_9.png,5,1,tr
60_0.png,60,0,tr
60_1.png,60,1,tr
60_10.png,60,0,tr
60_11.png,60,1,tr
60_12.png,60,0,ts
60_13.png,60,1,ts
60_2.png,60,0,tr
60_3.png,60,1,tr
60_4.png,60,0,tr
60_5.png,60,1,tr
60_6.png,60,0,tr
60_7.png,60,1,tr
60_8.png,60,0,tr
60_9.png,60,1,tr
61_0.png,61,0,tr
61_1.png,61,1,tr
61_10.png,61,0,ts
61_11.png,61,1,tr
61_12.png,61,0,tr
61_13.png,61,1,tr
61_14.png,61,0,tr
61_15.png,61,1,tr
61_16.png,61,0,tr
61_17.png,61,1,tr
61_18.png,61,0,tr
61_19.png,61,1,tr
61_2.png,61,0,tr
61_3.png,61,1,tr
61_4.png,61,0,tr
61_5.png,61,1,tr
61_6.png,61,0,tr
61_7.png,61,1,ts
61_8.png,61,0,tr
61_9.png,61,1,tr
62_0.png,62,0,tr
62_1.png,62,1,tr
62_10.png,62,0,tr
62_11.png,62,1,tr
62_2.png,62,0,tr
62_3.png,62,1,tr
62_4.png,62,0,ts
62_5.png,62,1,tr
62_6.png,62,0,tr
62_7.png,62,1,ts
62_8.png,62,0,tr
62_9.png,62,1,tr
63_0.png,63,0,tr
63_1.png,63,1,tr
63_10.png,63,0,tr
63_11.png,63,1,tr
63_12.png,63,0,ts
63_13.png,63,1,tr
63_14.png,63,0,tr
63_15.png,63,1,tr
63_16.png,63,0,tr
63_17.png,63,1,ts
63_18.png,63,0,tr
63_19.png,63,1,ts
63_2.png,63,0,ts
63_20.png,63,0,ts
63_21.png,63,1,tr
63_3.png,63,1,tr
63_4.png,63,0,tr
63_5.png,63,1,tr
63_6.png,63,0,tr
63_7.png,63,1,ts
63_8.png,63,0,ts
63_9.png,63,1,tr
64_0.png,64,0,tr
64_1.png,64,1,ts
64_10.png,64,0,tr
64_11.png,64,1,tr
64_12.png,64,0,tr
64_13.png,64,1,tr
64_14.png,64,0,tr
64_15.png,64,1,tr
64_16.png,64,0,tr
64_17.png,64,1,tr
64_18.png,64,0,tr
64_19.png,64,1,tr
64_2.png,64,0,ts
64_3.png,64,1,ts
64_6.png,64,0,tr
64_7.png,64,1,ts
64_8.png,64,0,tr
64_9.png,64,1,tr
65_0.png,65,0,tr
65_1.png,65,1,tr
65_10.png,65,0,tr
65_11.png,65,1,tr
65_12.png,65,0,ts
65_13.png,65,1,ts
65_14.png,65,0,tr
65_15.png,65,1,ts
65_2.png,65,0,tr
65_3.png,65,1,tr
65_4.png,65,0,ts
65_5.png,65,1,ts
65_6.png,65,0,tr
65_7.png,65,1,tr
65_8.png,65,0,tr
65_9.png,65,1,tr
66_0.png,66,0,tr
66_1.png,66,1,tr
66_10.png,66,0,ts
66_11.png,66,1,ts
66_12.png,66,0,tr
66_13.png,66,1,ts
66_14.png,66,0,tr
66_15.png,66,1,tr
66_2.png,66,0,tr
66_3.png,66,1,ts
66_4.png,66,0,tr
66_5.png,66,1,tr
66_6.png,66,0,tr
66_7.png,66,1,tr
66_8.png,66,0,tr
66_9.png,66,1,tr
67_0.png,67,0,ts
67_1.png,67,1,tr
67_10.png,67,0,tr
67_11.png,67,1,tr
67_12.png,67,0,tr
67_13.png,67,1,ts
67_2.png,67,0,tr
67_3.png,67,1,tr
67_4.png,67,0,tr
67_5.png,67,1,tr
67_6.png,67,0,tr
67_7.png,67,1,tr
67_8.png,67,0,ts
67_9.png,67,1,tr
68_0.png,68,0,tr
68_1.png,68,1,tr
68_10.png,68,0,tr
68_11.png,68,1,tr
68_2.png,68,0,tr
68_3.png,68,1,tr
68_4.png,68,0,tr
68_5.png,68,1,tr
68_6.png,68,0,tr
68_7.png,68,1,tr
68_8.png,68,0,tr
68_9.png,68,1,ts
69_0.png,69,0,tr
69_1.png,69,1,tr
69_10.png,69,0,tr
69_11.png,69,1,ts
69_2.png,69,0,tr
69_3.png,69,1,tr
69_4.png,69,0,tr
69_5.png,69,1,tr
69_6.png,69,0,tr
69_7.png,69,1,tr
70_2.png,70,0,tr
70_3.png,70,1,tr
70_6.png,70,0,ts
70_7.png,70,1,tr
71_0.png,71,0,tr
71_1.png,71,1,tr
71_2.png,71,0,tr
71_3.png,71,1,tr
71_4.png,71,0,ts
71_5.png,71,1,ts
72_0.png,72,0,tr
72_1.png,72,1,tr
72_2.png,72,0,ts
72_3.png,72,1,tr
72_4.png,72,0,tr
72_5.png,72,1,tr
74_4.png,74,0,tr
74_5.png,74,1,tr
74_6.png,74,0,tr
74_7.png,74,1,ts
75_0.png,75,0,ts
75_1.png,75,1,tr
75_10.png,75,0,ts
75_11.png,75,1,tr
75_12.png,75,0,tr
75_13.png,75,1,tr
75_14.png,75,0,tr
75_15.png,75,1,tr
75_16.png,75,0,tr
75_17.png,75,1,ts
75_2.png,75,0,tr
75_3.png,75,1,tr
75_4.png,75,0,tr
75_5.png,75,1,tr
75_6.png,75,0,ts
75_7.png,75,1,tr
76_0.png,76,0,tr
76_1.png,76,1,tr
76_10.png,76,0,tr
76_11.png,76,1,tr
76_12.png,76,0,tr
76_13.png,76,1,ts
76_2.png,76,0,tr
76_3.png,76,1,tr
76_4.png,76,0,ts
76_5.png,76,1,tr
76_6.png,76,0,tr
76_7.png,76,1,tr
76_8.png,76,0,tr
76_9.png,76,1,ts
77_0.png,77,0,tr
77_1.png,77,1,ts
77_10.png,77,0,tr
77_11.png,77,1,ts
77_2.png,77,0,tr
77_3.png,77,1,tr
77_4.png,77,0,tr
77_5.png,77,1,ts
77_6.png,77,0,ts
77_7.png,77,1,tr
77_8.png,77,0,tr
77_9.png,77,1,tr
78_0.png,78,0,tr
78_1.png,78,1,ts
78_2.png,78,0,tr
78_3.png,78,1,tr
78_4.png,78,0,tr
78_5.png,78,1,tr
78_6.png,78,0,ts
78_7.png,78,1,ts
78_8.png,78,0,ts
78_9.png,78,1,tr
79_0.png,79,0,ts
79_1.png,79,1,tr
79_10.png,79,0,ts
79_11.png,79,1,tr
79_12.png,79,0,tr
79_13.png,79,1,ts
79_14.png,79,0,tr
79_15.png,79,1,tr
79_16.png,79,0,tr
79_17.png,79,1,ts
79_2.png,79,0,tr
79_3.png,79,1,tr
79_4.png,79,0,ts
79_5.png,79,1,tr
79_8.png,79,0,tr
79_9.png,79,1,tr
7_0.png,7,0,tr
7_1.png,7,1,tr
7_2.png,7,0,tr
7_3.png,7,1,tr
7_4.png,7,0,tr
7_5.png,7,1,tr
7_6.png,7,0,tr
7_7.png,7,1,ts
7_8.png,7,0,tr
7_9.png,7,1,ts
80_0.png,80,0,ts
80_1.png,80,1,tr
80_10.png,80,0,ts
80_11.png,80,1,ts
80_2.png,80,0,ts
80_3.png,80,1,tr
80_4.png,80,0,tr
80_5.png,80,1,ts
80_6.png,80,0,tr
80_7.png,80,1,ts
80_8.png,80,0,tr
80_9.png,80,1,tr
81_0.png,81,0,tr
81_1.png,81,1,tr
81_2.png,81,0,tr
81_3.png,81,1,tr
81_4.png,81,0,tr
81_5.png,81,1,tr
81_6.png,81,0,tr
81_7.png,81,1,tr
82_0.png,82,0,tr
82_1.png,82,1,ts
82_10.png,82,0,tr
82_11.png,82,1,tr
82_12.png,82,0,ts
82_13.png,82,1,ts
82_2.png,82,0,tr
82_3.png,82,1,tr
82_4.png,82,0,tr
82_5.png,82,1,tr
82_6.png,82,0,ts
82_7.png,82,1,tr
82_8.png,82,0,tr
82_9.png,82,1,tr
83_0.png,83,0,tr
83_1.png,83,1,tr
83_10.png,83,0,tr
83_11.png,83,1,tr
83_2.png,83,0,tr
83_3.png,83,1,tr
83_4.png,83,0,ts
83_5.png,83,1,tr
83_6.png,83,0,tr
83_7.png,83,1,tr
83_8.png,83,0,ts
83_9.png,83,1,tr
84_0.png,84,0,tr
84_1.png,84,1,tr
84_10.png,84,0,tr
84_11.png,84,1,tr
84_12.png,84,0,tr
84_13.png,84,1,tr
84_2.png,84,0,tr
84_3.png,84,1,ts
84_4.png,84,0,tr
84_5.png,84,1,ts
84_8.png,84,0,tr
84_9.png,84,1,tr
85_0.png,85,0,tr
85_1.png,85,1,ts
85_10.png,85,0,ts
85_11.png,85,1,tr
85_12.png,85,0,tr
85_13.png,85,1,tr
85_2.png,85,0,ts
85_3.png,85,1,tr
85_4.png,85,0,tr
85_5.png,85,1,tr
85_8.png,85,0,tr
85_9.png,85,1,ts
86_0.png,86,0,tr
86_1.png,86,1,ts
86_10.png,86,0,tr
86_11.png,86,1,tr
86_12.png,86,0,tr
86_13.png,86,1,tr
86_14.png,86,0,tr
86_15.png,86,1,tr
86_2.png,86,0,tr
86_3.png,86,1,tr
86_4.png,86,0,tr
86_5.png,86,1,tr
86_6.png,86,0,tr
86_7.png,86,1,tr
86_8.png,86,0,tr
86_9.png,86,1,tr
87_0.png,87,0,tr
87_1.png,87,1,tr
87_10.png,87,0,tr
87_11.png,87,1,ts
87_12.png,87,0,tr
87_13.png,87,1,tr
87_14.png,87,0,tr
87_15.png,87,1,ts
87_2.png,87,0,ts
87_3.png,87,1,ts
87_4.png,87,0,tr
87_5.png,87,1,tr
87_6.png,87,0,tr
87_7.png,87,1,tr
87_8.png,87,0,ts
87_9.png,87,1,tr
89_10.png,89,0,tr
89_11.png,89,1,tr
89_12.png,89,0,tr
89_13.png,89,1,tr
89_2.png,89,0,ts
89_3.png,89,1,tr
89_4.png,89,0,tr
89_5.png,89,1,tr
89_6.png,89,0,ts
89_7.png,89,1,tr
89_8.png,89,0,tr
89_9.png,89,1,tr
8_0.png,8,0,ts
8_1.png,8,1,ts
8_10.png,8,0,tr
8_11.png,8,1,tr
8_2.png,8,0,tr
8_3.png,8,1,tr
8_4.png,8,0,tr
8_5.png,8,1,ts
8_6.png,8,0,tr
8_7.png,8,1,ts
8_8.png,8,0,tr
8_9.png,8,1,tr
90_0.png,90,0,tr
90_1.png,90,1,tr
90_10.png,90,0,tr
90_11.png,90,1,tr
90_2.png,90,0,ts
90_3.png,90,1,tr
90_4.png,90,0,ts
90_5.png,90,1,tr
90_6.png,90,0,tr
90_7.png,90,1,ts
90_8.png,90,0,ts
90_9.png,90,1,tr
91_0.png,91,0,ts
91_1.png,91,1,tr
91_10.png,91,0,tr
91_11.png,91,1,tr
91_2.png,91,0,ts
91_3.png,91,1,tr
91_4.png,91,0,ts
91_5.png,91,1,tr
91_8.png,91,0,tr
91_9.png,91,1,tr
92_2.png,92,0,tr
92_3.png,92,1,tr
92_4.png,92,0,tr
92_5.png,92,1,tr
92_6.png,92,0,tr
92_7.png,92,1,ts
92_8.png,92,0,tr
92_9.png,92,1,ts
93_0.png,93,0,ts
93_1.png,93,1,tr
93_10.png,93,0,tr
93_11.png,93,1,ts
93_2.png,93,0,ts
93_3.png,93,1,tr
93_4.png,93,0,ts
93_5.png,93,1,ts
93_6.png,93,0,tr
93_7.png,93,1,tr
93_8.png,93,0,tr
93_9.png,93,1,tr
94_0.png,94,0,ts
94_1.png,94,1,tr
94_10.png,94,0,tr
94_11.png,94,1,ts
94_12.png,94,0,tr
94_13.png,94,1,tr
94_2.png,94,0,tr
94_3.png,94,1,tr
94_4.png,94,0,tr
94_5.png,94,1,tr
94_6.png,94,0,tr
94_7.png,94,1,ts
94_8.png,94,0,tr
94_9.png,94,1,tr
95_0.png,95,0,tr
95_1.png,95,1,tr
95_10.png,95,0,tr
95_11.png,95,1,tr
95_2.png,95,0,tr
95_3.png,95,1,tr
95_6.png,95,0,tr
95_7.png,95,1,tr
95_8.png,95,0,ts
95_9.png,95,1,tr
96_0.png,96,0,tr
96_1.png,96,1,tr
96_10.png,96,0,tr
96_11.png,96,1,ts
96_2.png,96,0,ts
96_3.png,96,1,tr
96_4.png,96,0,tr
96_5.png,96,1,tr
96_6.png,96,0,tr
96_7.png,96,1,tr
96_8.png,96,0,tr
96_9.png,96,1,tr
97_0.png,97,0,tr
97_1.png,97,1,tr
97_10.png,97,0,tr
97_11.png,97,1,tr
97_2.png,97,0,tr
97_3.png,97,1,tr
97_4.png,97,0,tr
97_5.png,97,1,tr
97_6.png,97,0,ts
97_7.png,97,1,tr
97_8.png,97,0,tr
97_9.png,97,1,tr
99_0.png,99,0,tr
99_1.png,99,1,tr
99_10.png,99,0,tr
99_11.png,99,1,tr
99_2.png,99,0,ts
99_3.png,99,1,tr
99_4.png,99,0,tr
99_5.png,99,1,tr
99_6.png,99,0,tr
99_7.png,99,1,tr
99_8.png,99,0,tr
99_9.png,99,1,tr
9_0.png,9,0,tr
9_1.png,9,1,tr
9_10.png,9,0,tr
9_11.png,9,1,tr
9_12.png,9,0,ts
9_13.png,9,1,tr
9_2.png,9,0,tr
9_3.png,9,1,tr
9_4.png,9,0,tr
9_5.png,9,1,tr
9_6.png,9,0,tr
9_7.png,9,1,tr
9_8.png,9,0,tr
9_9.png,9,1,ts
