fname,lr,pre,suf
0_0.png,r,0,0.png
0_10.png,r,0,10.png
0_12.png,r,0,12.png
0_2.png,r,0,2.png
0_4.png,r,0,4.png
0_6.png,r,0,6.png
0_8.png,r,0,8.png
100_0.png,r,100,0.png
100_2.png,r,100,2.png
100_4.png,r,100,4.png
100_6.png,r,100,6.png
100_8.png,r,100,8.png
101_0.png,r,101,0.png
101_10.png,r,101,10.png
101_12.png,r,101,12.png
101_14.png,r,101,14.png
101_2.png,r,101,2.png
101_4.png,r,101,4.png
101_6.png,r,101,6.png
101_8.png,r,101,8.png
102_0.png,r,102,0.png
102_2.png,r,102,2.png
102_4.png,r,102,4.png
102_6.png,r,102,6.png
102_8.png,r,102,8.png
103_0.png,r,103,0.png
103_10.png,r,103,10.png
103_2.png,r,103,2.png
103_4.png,r,103,4.png
103_6.png,r,103,6.png
103_8.png,r,103,8.png
104_0.png,r,104,0.png
104_10.png,r,104,10.png
104_2.png,r,104,2.png
104_4.png,r,104,4.png
104_6.png,r,104,6.png
104_8.png,r,104,8.png
105_0.png,r,105,0.png
105_10.png,r,105,10.png
105_12.png,r,105,12.png
105_14.png,r,105,14.png
105_16.png,r,105,16.png
105_4.png,r,105,4.png
105_6.png,r,105,6.png
105_8.png,r,105,8.png
106_0.png,r,106,0.png
106_10.png,r,106,10.png
106_2.png,r,106,2.png
106_4.png,r,106,4.png
106_6.png,r,106,6.png
106_8.png,r,106,8.png
107_0.png,r,107,0.png
107_10.png,r,107,10.png
107_12.png,r,107,12.png
107_14.png,r,107,14.png
107_16.png,r,107,16.png
107_2.png,r,107,2.png
107_4.png,r,107,4.png
107_6.png,r,107,6.png
107_8.png,r,107,8.png
108_10.png,r,108,10.png
108_12.png,r,108,12.png
108_14.png,r,108,14.png
108_2.png,r,108,2.png
108_4.png,r,108,4.png
108_6.png,r,108,6.png
108_8.png,r,108,8.png
109_0.png,r,109,0.png
109_10.png,r,109,10.png
109_12.png,r,109,12.png
109_2.png,r,109,2.png
109_6.png,r,109,6.png
109_8.png,r,109,8.png
110_0.png,r,110,0.png
110_10.png,r,110,10.png
110_2.png,r,110,2.png
110_4.png,r,110,4.png
110_6.png,r,110,6.png
110_8.png,r,110,8.png
111_0.png,r,111,0.png
111_10.png,r,111,10.png
111_2.png,r,111,2.png
111_4.png,r,111,4.png
111_6.png,r,111,6.png
111_8.png,r,111,8.png
112_0.png,r,112,0.png
112_10.png,r,112,10.png
112_12.png,r,112,12.png
112_14.png,r,112,14.png
112_2.png,r,112,2.png
112_4.png,r,112,4.png
112_6.png,r,112,6.png
112_8.png,r,112,8.png
113_0.png,r,113,0.png
113_10.png,r,113,10.png
113_12.png,r,113,12.png
113_2.png,r,113,2.png
113_4.png,r,113,4.png
113_6.png,r,113,6.png
113_8.png,r,113,8.png
114_0.png,r,114,0.png
114_10.png,r,114,10.png
114_12.png,r,114,12.png
114_2.png,r,114,2.png
114_4.png,r,114,4.png
114_6.png,r,114,6.png
114_8.png,r,114,8.png
115_0.png,r,115,0.png
115_10.png,r,115,10.png
115_12.png,r,115,12.png
115_14.png,r,115,14.png
115_2.png,r,115,2.png
115_4.png,r,115,4.png
115_6.png,r,115,6.png
116_0.png,r,116,0.png
116_10.png,r,116,10.png
116_2.png,r,116,2.png
116_4.png,r,116,4.png
116_6.png,r,116,6.png
116_8.png,r,116,8.png
117_0.png,r,117,0.png
117_10.png,r,117,10.png
117_12.png,r,117,12.png
117_14.png,r,117,14.png
117_2.png,r,117,2.png
117_4.png,r,117,4.png
117_6.png,r,117,6.png
117_8.png,r,117,8.png
118_0.png,r,118,0.png
118_10.png,r,118,10.png
118_12.png,r,118,12.png
118_14.png,r,118,14.png
118_2.png,r,118,2.png
118_4.png,r,118,4.png
118_8.png,r,118,8.png
119_0.png,r,119,0.png
119_10.png,r,119,10.png
119_2.png,r,119,2.png
119_4.png,r,119,4.png
119_6.png,r,119,6.png
119_8.png,r,119,8.png
11_0.png,r,11,0.png
11_10.png,r,11,10.png
11_12.png,r,11,12.png
11_2.png,r,11,2.png
11_4.png,r,11,4.png
11_6.png,r,11,6.png
11_8.png,r,11,8.png
120_0.png,r,120,0.png
120_10.png,r,120,10.png
120_12.png,r,120,12.png
120_2.png,r,120,2.png
120_4.png,r,120,4.png
120_6.png,r,120,6.png
120_8.png,r,120,8.png
121_0.png,r,121,0.png
121_10.png,r,121,10.png
121_12.png,r,121,12.png
121_14.png,r,121,14.png
121_16.png,r,121,16.png
121_2.png,r,121,2.png
121_4.png,r,121,4.png
121_6.png,r,121,6.png
121_8.png,r,121,8.png
122_0.png,r,122,0.png
122_10.png,r,122,10.png
122_12.png,r,122,12.png
122_14.png,r,122,14.png
122_2.png,r,122,2.png
122_4.png,r,122,4.png
122_6.png,r,122,6.png
122_8.png,r,122,8.png
123_0.png,r,123,0.png
123_10.png,r,123,10.png
123_12.png,r,123,12.png
123_14.png,r,123,14.png
123_2.png,r,123,2.png
123_6.png,r,123,6.png
123_8.png,r,123,8.png
124_0.png,r,124,0.png
124_10.png,r,124,10.png
124_2.png,r,124,2.png
124_4.png,r,124,4.png
124_6.png,r,124,6.png
124_8.png,r,124,8.png
125_0.png,r,125,0.png
125_2.png,r,125,2.png
125_4.png,r,125,4.png
125_6.png,r,125,6.png
126_0.png,r,126,0.png
126_10.png,r,126,10.png
126_2.png,r,126,2.png
126_4.png,r,126,4.png
126_6.png,r,126,6.png
126_8.png,r,126,8.png
127_0.png,r,127,0.png
127_2.png,r,127,2.png
127_4.png,r,127,4.png
127_6.png,r,127,6.png
127_8.png,r,127,8.png
128_0.png,r,128,0.png
128_10.png,r,128,10.png
128_12.png,r,128,12.png
128_2.png,r,128,2.png
128_4.png,r,128,4.png
128_6.png,r,128,6.png
128_8.png,r,128,8.png
129_0.png,r,129,0.png
129_10.png,r,129,10.png
129_12.png,r,129,12.png
129_14.png,r,129,14.png
129_16.png,r,129,16.png
129_18.png,r,129,18.png
129_2.png,r,129,2.png
129_4.png,r,129,4.png
129_6.png,r,129,6.png
129_8.png,r,129,8.png
12_0.png,r,12,0.png
12_2.png,r,12,2.png
12_4.png,r,12,4.png
12_6.png,r,12,6.png
130_0.png,r,130,0.png
130_10.png,r,130,10.png
130_12.png,r,130,12.png
130_14.png,r,130,14.png
130_16.png,r,130,16.png
130_2.png,r,130,2.png
130_4.png,r,130,4.png
130_6.png,r,130,6.png
130_8.png,r,130,8.png
131_0.png,r,131,0.png
131_10.png,r,131,10.png
131_12.png,r,131,12.png
131_14.png,r,131,14.png
131_16.png,r,131,16.png
131_2.png,r,131,2.png
131_4.png,r,131,4.png
131_6.png,r,131,6.png
131_8.png,r,131,8.png
132_0.png,r,132,0.png
132_10.png,r,132,10.png
132_12.png,r,132,12.png
132_14.png,r,132,14.png
132_2.png,r,132,2.png
132_4.png,r,132,4.png
132_6.png,r,132,6.png
132_8.png,r,132,8.png
133_0.png,r,133,0.png
133_10.png,r,133,10.png
133_12.png,r,133,12.png
133_14.png,r,133,14.png
133_16.png,r,133,16.png
133_2.png,r,133,2.png
133_4.png,r,133,4.png
133_6.png,r,133,6.png
133_8.png,r,133,8.png
134_0.png,r,134,0.png
134_2.png,r,134,2.png
134_4.png,r,134,4.png
134_6.png,r,134,6.png
134_8.png,r,134,8.png
135_0.png,r,135,0.png
135_10.png,r,135,10.png
135_2.png,r,135,2.png
135_4.png,r,135,4.png
135_6.png,r,135,6.png
135_8.png,r,135,8.png
136_0.png,r,136,0.png
136_10.png,r,136,10.png
136_2.png,r,136,2.png
136_4.png,r,136,4.png
136_6.png,r,136,6.png
136_8.png,r,136,8.png
137_0.png,r,137,0.png
137_10.png,r,137,10.png
137_12.png,r,137,12.png
137_2.png,r,137,2.png
137_4.png,r,137,4.png
137_6.png,r,137,6.png
137_8.png,r,137,8.png
138_0.png,r,138,0.png
138_10.png,r,138,10.png
138_12.png,r,138,12.png
138_14.png,r,138,14.png
138_2.png,r,138,2.png
138_4.png,r,138,4.png
138_6.png,r,138,6.png
138_8.png,r,138,8.png
139_0.png,r,139,0.png
139_2.png,r,139,2.png
139_4.png,r,139,4.png
139_6.png,r,139,6.png
139_8.png,r,139,8.png
140_0.png,r,140,0.png
140_10.png,r,140,10.png
140_12.png,r,140,12.png
140_2.png,r,140,2.png
140_4.png,r,140,4.png
140_6.png,r,140,6.png
140_8.png,r,140,8.png
141_0.png,r,141,0.png
141_10.png,r,141,10.png
141_12.png,r,141,12.png
141_2.png,r,141,2.png
141_4.png,r,141,4.png
141_6.png,r,141,6.png
141_8.png,r,141,8.png
142_0.png,r,142,0.png
142_10.png,r,142,10.png
142_12.png,r,142,12.png
142_14.png,r,142,14.png
142_16.png,r,142,16.png
142_18.png,r,142,18.png
142_2.png,r,142,2.png
142_20.png,r,142,20.png
142_4.png,r,142,4.png
142_6.png,r,142,6.png
142_8.png,r,142,8.png
143_0.png,r,143,0.png
143_10.png,r,143,10.png
143_12.png,r,143,12.png
143_14.png,r,143,14.png
143_16.png,r,143,16.png
143_18.png,r,143,18.png
143_2.png,r,143,2.png
143_20.png,r,143,20.png
143_22.png,r,143,22.png
143_24.png,r,143,24.png
143_4.png,r,143,4.png
143_6.png,r,143,6.png
143_8.png,r,143,8.png
144_0.png,r,144,0.png
144_10.png,r,144,10.png
144_12.png,r,144,12.png
144_2.png,r,144,2.png
144_4.png,r,144,4.png
144_8.png,r,144,8.png
145_0.png,r,145,0.png
145_10.png,r,145,10.png
145_2.png,r,145,2.png
145_4.png,r,145,4.png
145_6.png,r,145,6.png
145_8.png,r,145,8.png
146_0.png,r,146,0.png
146_10.png,r,146,10.png
146_12.png,r,146,12.png
146_4.png,r,146,4.png
146_6.png,r,146,6.png
146_8.png,r,146,8.png
147_0.png,r,147,0.png
147_10.png,r,147,10.png
147_12.png,r,147,12.png
147_2.png,r,147,2.png
147_4.png,r,147,4.png
147_6.png,r,147,6.png
147_8.png,r,147,8.png
148-1_0.png,r,148-1,0.png
148-1_10.png,r,148-1,10.png
148-1_12.png,r,148-1,12.png
148-1_14.png,r,148-1,14.png
148-1_2.png,r,148-1,2.png
148-1_4.png,r,148-1,4.png
148-1_6.png,r,148-1,6.png
148-1_8.png,r,148-1,8.png
149_0.png,r,149,0.png
149_10.png,r,149,10.png
149_12.png,r,149,12.png
149_14.png,r,149,14.png
149_16.png,r,149,16.png
149_18.png,r,149,18.png
149_2.png,r,149,2.png
149_20.png,r,149,20.png
149_4.png,r,149,4.png
149_6.png,r,149,6.png
149_8.png,r,149,8.png
150_0.png,r,150,0.png
150_10.png,r,150,10.png
150_12.png,r,150,12.png
150_14.png,r,150,14.png
150_2.png,r,150,2.png
150_4.png,r,150,4.png
150_6.png,r,150,6.png
150_8.png,r,150,8.png
151_0.png,r,151,0.png
151_10.png,r,151,10.png
151_12.png,r,151,12.png
151_2.png,r,151,2.png
151_4.png,r,151,4.png
151_6.png,r,151,6.png
151_8.png,r,151,8.png
152_0.png,r,152,0.png
152_10.png,r,152,10.png
152_12.png,r,152,12.png
152_14.png,r,152,14.png
152_2.png,r,152,2.png
152_4.png,r,152,4.png
152_6.png,r,152,6.png
152_8.png,r,152,8.png
153_0.png,r,153,0.png
153_10.png,r,153,10.png
153_12.png,r,153,12.png
153_14.png,r,153,14.png
153_16.png,r,153,16.png
153_18.png,r,153,18.png
153_2.png,r,153,2.png
153_4.png,r,153,4.png
153_6.png,r,153,6.png
153_8.png,r,153,8.png
154_0.png,r,154,0.png
154_10.png,r,154,10.png
154_12.png,r,154,12.png
154_14.png,r,154,14.png
154_16.png,r,154,16.png
154_18.png,r,154,18.png
154_2.png,r,154,2.png
154_4.png,r,154,4.png
154_6.png,r,154,6.png
154_8.png,r,154,8.png
155_0.png,r,155,0.png
155_10.png,r,155,10.png
155_12.png,r,155,12.png
155_14.png,r,155,14.png
155_2.png,r,155,2.png
155_4.png,r,155,4.png
155_6.png,r,155,6.png
155_8.png,r,155,8.png
156_0.png,r,156,0.png
156_2.png,r,156,2.png
156_4.png,r,156,4.png
156_6.png,r,156,6.png
157_0.png,r,157,0.png
157_2.png,r,157,2.png
157_6.png,r,157,6.png
158_10.png,r,158,10.png
158_12.png,r,158,12.png
158_2.png,r,158,2.png
158_20.png,r,158,20.png
158_22.png,r,158,22.png
158_24.png,r,158,24.png
158_28.png,r,158,28.png
158_30.png,r,158,30.png
158_6.png,r,158,6.png
158_8.png,r,158,8.png
159_0.png,r,159,0.png
159_10.png,r,159,10.png
159_12.png,r,159,12.png
159_14.png,r,159,14.png
159_16.png,r,159,16.png
159_18.png,r,159,18.png
159_2.png,r,159,2.png
159_20.png,r,159,20.png
159_22.png,r,159,22.png
159_24.png,r,159,24.png
159_4.png,r,159,4.png
159_6.png,r,159,6.png
159_8.png,r,159,8.png
160_0.png,r,160,0.png
160_10.png,r,160,10.png
160_12.png,r,160,12.png
160_14.png,r,160,14.png
160_2.png,r,160,2.png
160_4.png,r,160,4.png
160_6.png,r,160,6.png
160_8.png,r,160,8.png
161_0.png,r,161,0.png
161_10.png,r,161,10.png
161_12.png,r,161,12.png
161_14.png,r,161,14.png
161_16.png,r,161,16.png
161_18.png,r,161,18.png
161_2.png,r,161,2.png
161_4.png,r,161,4.png
161_6.png,r,161,6.png
161_8.png,r,161,8.png
163-2_0.png,r,163-2,0.png
163-2_2.png,r,163-2,2.png
163-2_4.png,r,163-2,4.png
163-2_6.png,r,163-2,6.png
163_0.png,r,163,0.png
163_2.png,r,163,2.png
163_4.png,r,163,4.png
163_6.png,r,163,6.png
163_8.png,r,163,8.png
164_0.png,r,164,0.png
164_2.png,r,164,2.png
164_4.png,r,164,4.png
164_6.png,r,164,6.png
165_0.png,r,165,0.png
165_4.png,r,165,4.png
16_0.png,r,16,0.png
16_10.png,r,16,10.png
16_2.png,r,16,2.png
16_4.png,r,16,4.png
16_6.png,r,16,6.png
170_0.png,r,170,0.png
170_2.png,r,170,2.png
170_4.png,r,170,4.png
172_0.png,r,172,0.png
172_2.png,r,172,2.png
172_4.png,r,172,4.png
172_6.png,r,172,6.png
178_0.png,r,178,0.png
178_2.png,r,178,2.png
178_4.png,r,178,4.png
178_6.png,r,178,6.png
17_0.png,r,17,0.png
17_2.png,r,17,2.png
17_4.png,r,17,4.png
180_0.png,r,180,0.png
180_10.png,r,180,10.png
180_2.png,r,180,2.png
180_6.png,r,180,6.png
180_8.png,r,180,8.png
181_0.png,r,181,0.png
181_2.png,r,181,2.png
181_4.png,r,181,4.png
181_6.png,r,181,6.png
181_8.png,r,181,8.png
182_0.png,r,182,0.png
182_2.png,r,182,2.png
182_4.png,r,182,4.png
184_0.png,r,184,0.png
184_2.png,r,184,2.png
184_4.png,r,184,4.png
184_6.png,r,184,6.png
184_8.png,r,184,8.png
185_0.png,r,185,0.png
185_10.png,r,185,10.png
185_4.png,r,185,4.png
185_6.png,r,185,6.png
185_8.png,r,185,8.png
186_0.png,r,186,0.png
186_10.png,r,186,10.png
186_12.png,r,186,12.png
186_2.png,r,186,2.png
186_4.png,r,186,4.png
186_8.png,r,186,8.png
187_0.png,r,187,0.png
187_10.png,r,187,10.png
187_12.png,r,187,12.png
187_16.png,r,187,16.png
187_18.png,r,187,18.png
187_2.png,r,187,2.png
187_4.png,r,187,4.png
187_6.png,r,187,6.png
188_0.png,r,188,0.png
188_10.png,r,188,10.png
188_2.png,r,188,2.png
188_4.png,r,188,4.png
188_6.png,r,188,6.png
188_8.png,r,188,8.png
189_0.png,r,189,0.png
189_10.png,r,189,10.png
189_12.png,r,189,12.png
189_14.png,r,189,14.png
189_2.png,r,189,2.png
189_6.png,r,189,6.png
189_8.png,r,189,8.png
18_0.png,r,18,0.png
18_10.png,r,18,10.png
18_2.png,r,18,2.png
18_4.png,r,18,4.png
18_6.png,r,18,6.png
18_8.png,r,18,8.png
190_0.png,r,190,0.png
190_2.png,r,190,2.png
190_4.png,r,190,4.png
190_6.png,r,190,6.png
190_8.png,r,190,8.png
191_0.png,r,191,0.png
191_10.png,r,191,10.png
191_2.png,r,191,2.png
191_4.png,r,191,4.png
191_6.png,r,191,6.png
191_8.png,r,191,8.png
192_0.png,r,192,0.png
192_10.png,r,192,10.png
192_12.png,r,192,12.png
192_14.png,r,192,14.png
192_2.png,r,192,2.png
192_4.png,r,192,4.png
192_6.png,r,192,6.png
192_8.png,r,192,8.png
193_0.png,r,193,0.png
193_10.png,r,193,10.png
193_2.png,r,193,2.png
193_4.png,r,193,4.png
193_6.png,r,193,6.png
193_8.png,r,193,8.png
194_0.png,r,194,0.png
194_10.png,r,194,10.png
194_12.png,r,194,12.png
194_2.png,r,194,2.png
194_4.png,r,194,4.png
194_6.png,r,194,6.png
194_8.png,r,194,8.png
195-2_0.png,r,195-2,0.png
195-2_2.png,r,195-2,2.png
195_0.png,r,195,0.png
195_10.png,r,195,10.png
195_2.png,r,195,2.png
195_4.png,r,195,4.png
195_6.png,r,195,6.png
195_8.png,r,195,8.png
196_0.png,r,196,0.png
196_10.png,r,196,10.png
196_2.png,r,196,2.png
196_4.png,r,196,4.png
196_6.png,r,196,6.png
196_8.png,r,196,8.png
197_0.png,r,197,0.png
197_10.png,r,197,10.png
197_2.png,r,197,2.png
197_4.png,r,197,4.png
197_6.png,r,197,6.png
197_8.png,r,197,8.png
198_10.png,r,198,10.png
198_2.png,r,198,2.png
198_4.png,r,198,4.png
198_8.png,r,198,8.png
199_0.png,r,199,0.png
199_10.png,r,199,10.png
199_12.png,r,199,12.png
199_14.png,r,199,14.png
199_2.png,r,199,2.png
199_4.png,r,199,4.png
199_6.png,r,199,6.png
199_8.png,r,199,8.png
19_0.png,r,19,0.png
19_10.png,r,19,10.png
19_2.png,r,19,2.png
19_4.png,r,19,4.png
19_6.png,r,19,6.png
19_8.png,r,19,8.png
1_0.png,r,1,0.png
1_10.png,r,1,10.png
1_12.png,r,1,12.png
1_14.png,r,1,14.png
1_2.png,r,1,2.png
1_4.png,r,1,4.png
1_6.png,r,1,6.png
1_8.png,r,1,8.png
200_0.png,r,200,0.png
200_10.png,r,200,10.png
200_2.png,r,200,2.png
200_4.png,r,200,4.png
200_6.png,r,200,6.png
200_8.png,r,200,8.png
202_0.png,r,202,0.png
202_2.png,r,202,2.png
202_4.png,r,202,4.png
202_6.png,r,202,6.png
202_8.png,r,202,8.png
204_0.png,r,204,0.png
204_10.png,r,204,10.png
204_12.png,r,204,12.png
204_2.png,r,204,2.png
204_4.png,r,204,4.png
204_6.png,r,204,6.png
204_8.png,r,204,8.png
205_0.png,r,205,0.png
205_2.png,r,205,2.png
205_4.png,r,205,4.png
205_6.png,r,205,6.png
205_8.png,r,205,8.png
206_0.png,r,206,0.png
206_10.png,r,206,10.png
206_12.png,r,206,12.png
206_2.png,r,206,2.png
206_4.png,r,206,4.png
206_8.png,r,206,8.png
207_0.png,r,207,0.png
207_10.png,r,207,10.png
207_14.png,r,207,14.png
207_2.png,r,207,2.png
207_4.png,r,207,4.png
207_8.png,r,207,8.png
208_0.png,r,208,0.png
208_10.png,r,208,10.png
208_2.png,r,208,2.png
208_4.png,r,208,4.png
208_6.png,r,208,6.png
208_8.png,r,208,8.png
209_0.png,r,209,0.png
209_10.png,r,209,10.png
209_12.png,r,209,12.png
209_14.png,r,209,14.png
209_2.png,r,209,2.png
209_4.png,r,209,4.png
209_6.png,r,209,6.png
209_8.png,r,209,8.png
20_0.png,r,20,0.png
20_2.png,r,20,2.png
20_4.png,r,20,4.png
20_6.png,r,20,6.png
20_8.png,r,20,8.png
210_0.png,r,210,0.png
210_10.png,r,210,10.png
210_2.png,r,210,2.png
210_6.png,r,210,6.png
210_8.png,r,210,8.png
212_0.png,r,212,0.png
212_10.png,r,212,10.png
212_2.png,r,212,2.png
212_4.png,r,212,4.png
212_6.png,r,212,6.png
212_8.png,r,212,8.png
213_0.png,r,213,0.png
213_10.png,r,213,10.png
213_12.png,r,213,12.png
213_14.png,r,213,14.png
213_2.png,r,213,2.png
213_4.png,r,213,4.png
213_6.png,r,213,6.png
213_8.png,r,213,8.png
214_0.png,r,214,0.png
214_4.png,r,214,4.png
214_6.png,r,214,6.png
215_0.png,r,215,0.png
215_10.png,r,215,10.png
215_12.png,r,215,12.png
215_14.png,r,215,14.png
215_2.png,r,215,2.png
215_4.png,r,215,4.png
215_8.png,r,215,8.png
216_0.png,r,216,0.png
216_10.png,r,216,10.png
216_12.png,r,216,12.png
216_14.png,r,216,14.png
216_2.png,r,216,2.png
216_6.png,r,216,6.png
216_8.png,r,216,8.png
217_0.png,r,217,0.png
217_2.png,r,217,2.png
217_4.png,r,217,4.png
217_6.png,r,217,6.png
217_8.png,r,217,8.png
218_0.png,r,218,0.png
218_12.png,r,218,12.png
218_14.png,r,218,14.png
218_4.png,r,218,4.png
218_6.png,r,218,6.png
219_0.png,r,219,0.png
219_10.png,r,219,10.png
219_12.png,r,219,12.png
219_14.png,r,219,14.png
219_2.png,r,219,2.png
219_4.png,r,219,4.png
219_6.png,r,219,6.png
219_8.png,r,219,8.png
21_0.png,r,21,0.png
21_10.png,r,21,10.png
21_12.png,r,21,12.png
21_2.png,r,21,2.png
21_4.png,r,21,4.png
21_6.png,r,21,6.png
21_8.png,r,21,8.png
220_0.png,r,220,0.png
220_10.png,r,220,10.png
220_12.png,r,220,12.png
220_14.png,r,220,14.png
220_2.png,r,220,2.png
220_4.png,r,220,4.png
220_6.png,r,220,6.png
220_8.png,r,220,8.png
222_0.png,r,222,0.png
222_10.png,r,222,10.png
222_14.png,r,222,14.png
222_2.png,r,222,2.png
222_4.png,r,222,4.png
222_6.png,r,222,6.png
222_8.png,r,222,8.png
223_0.png,r,223,0.png
223_10.png,r,223,10.png
223_2.png,r,223,2.png
223_4.png,r,223,4.png
223_6.png,r,223,6.png
223_8.png,r,223,8.png
224_0.png,r,224,0.png
224_10.png,r,224,10.png
224_2.png,r,224,2.png
224_4.png,r,224,4.png
224_6.png,r,224,6.png
224_8.png,r,224,8.png
225_10.png,r,225,10.png
225_12.png,r,225,12.png
225_14.png,r,225,14.png
225_2.png,r,225,2.png
225_6.png,r,225,6.png
225_8.png,r,225,8.png
226_0.png,r,226,0.png
226_2.png,r,226,2.png
226_4.png,r,226,4.png
226_8.png,r,226,8.png
227_0.png,r,227,0.png
227_12.png,r,227,12.png
227_14.png,r,227,14.png
227_16.png,r,227,16.png
227_2.png,r,227,2.png
227_4.png,r,227,4.png
227_8.png,r,227,8.png
228_0.png,r,228,0.png
228_10.png,r,228,10.png
228_12.png,r,228,12.png
228_2.png,r,228,2.png
228_4.png,r,228,4.png
228_6.png,r,228,6.png
228_8.png,r,228,8.png
229_0.png,r,229,0.png
229_10.png,r,229,10.png
229_2.png,r,229,2.png
229_4.png,r,229,4.png
229_6.png,r,229,6.png
229_8.png,r,229,8.png
22_0.png,r,22,0.png
22_10.png,r,22,10.png
22_12.png,r,22,12.png
22_14.png,r,22,14.png
22_2.png,r,22,2.png
22_4.png,r,22,4.png
22_6.png,r,22,6.png
22_8.png,r,22,8.png
230_0.png,r,230,0.png
230_10.png,r,230,10.png
230_2.png,r,230,2.png
230_4.png,r,230,4.png
230_6.png,r,230,6.png
230_8.png,r,230,8.png
231_0.png,r,231,0.png
231_2.png,r,231,2.png
231_4.png,r,231,4.png
231_6.png,r,231,6.png
231_8.png,r,231,8.png
232_0.png,r,232,0.png
232_10.png,r,232,10.png
232_2.png,r,232,2.png
232_4.png,r,232,4.png
232_6.png,r,232,6.png
232_8.png,r,232,8.png
233_0.png,r,233,0.png
233_2.png,r,233,2.png
233_4.png,r,233,4.png
233_6.png,r,233,6.png
233_8.png,r,233,8.png
234_0.png,r,234,0.png
234_14.png,r,234,14.png
234_2.png,r,234,2.png
234_4.png,r,234,4.png
234_6.png,r,234,6.png
234_8.png,r,234,8.png
235_0.png,r,235,0.png
235_2.png,r,235,2.png
235_4.png,r,235,4.png
235_6.png,r,235,6.png
236_0.png,r,236,0.png
236_2.png,r,236,2.png
236_4.png,r,236,4.png
236_6.png,r,236,6.png
237_0.png,r,237,0.png
237_10.png,r,237,10.png
237_12.png,r,237,12.png
237_2.png,r,237,2.png
237_4.png,r,237,4.png
237_6.png,r,237,6.png
237_8.png,r,237,8.png
238_0.png,r,238,0.png
238_2.png,r,238,2.png
238_4.png,r,238,4.png
238_6.png,r,238,6.png
239_0.png,r,239,0.png
239_10.png,r,239,10.png
239_12.png,r,239,12.png
239_14.png,r,239,14.png
239_2.png,r,239,2.png
239_6.png,r,239,6.png
239_8.png,r,239,8.png
23_0.png,r,23,0.png
23_10.png,r,23,10.png
23_2.png,r,23,2.png
23_4.png,r,23,4.png
23_6.png,r,23,6.png
23_8.png,r,23,8.png
240_0.png,r,240,0.png
240_10.png,r,240,10.png
240_2.png,r,240,2.png
240_4.png,r,240,4.png
240_6.png,r,240,6.png
240_8.png,r,240,8.png
241_12.png,r,241,12.png
241_14.png,r,241,14.png
241_2.png,r,241,2.png
241_4.png,r,241,4.png
241_6.png,r,241,6.png
241_8.png,r,241,8.png
242_0.png,r,242,0.png
242_10.png,r,242,10.png
242_12.png,r,242,12.png
242_14.png,r,242,14.png
242_2.png,r,242,2.png
242_4.png,r,242,4.png
242_6.png,r,242,6.png
243-1_0.png,r,243-1,0.png
243-1_10.png,r,243-1,10.png
243-1_14.png,r,243-1,14.png
243-1_2.png,r,243-1,2.png
243-1_4.png,r,243-1,4.png
243-1_6.png,r,243-1,6.png
243-1_8.png,r,243-1,8.png
244-1_0.png,r,244-1,0.png
244-1_2.png,r,244-1,2.png
244-1_4.png,r,244-1,4.png
244-1_6.png,r,244-1,6.png
244-1_8.png,r,244-1,8.png
245_0.png,r,245,0.png
245_10.png,r,245,10.png
245_12.png,r,245,12.png
245_2.png,r,245,2.png
245_4.png,r,245,4.png
245_6.png,r,245,6.png
245_8.png,r,245,8.png
246-1_0.png,r,246-1,0.png
246-1_10.png,r,246-1,10.png
246-1_2.png,r,246-1,2.png
246-1_4.png,r,246-1,4.png
246-1_6.png,r,246-1,6.png
246-1_8.png,r,246-1,8.png
247_0.png,r,247,0.png
247_10.png,r,247,10.png
247_12.png,r,247,12.png
247_2.png,r,247,2.png
247_4.png,r,247,4.png
247_6.png,r,247,6.png
247_8.png,r,247,8.png
248_10.png,r,248,10.png
248_2.png,r,248,2.png
248_4.png,r,248,4.png
248_6.png,r,248,6.png
248_8.png,r,248,8.png
249_0.png,r,249,0.png
249_12.png,r,249,12.png
249_14.png,r,249,14.png
249_16.png,r,249,16.png
249_4.png,r,249,4.png
249_6.png,r,249,6.png
249_8.png,r,249,8.png
24_0.png,r,24,0.png
24_2.png,r,24,2.png
24_4.png,r,24,4.png
24_6.png,r,24,6.png
250_0.png,r,250,0.png
250_10.png,r,250,10.png
250_14.png,r,250,14.png
250_16.png,r,250,16.png
250_2.png,r,250,2.png
250_4.png,r,250,4.png
250_6.png,r,250,6.png
250_8.png,r,250,8.png
251_10.png,r,251,10.png
251_12.png,r,251,12.png
251_2.png,r,251,2.png
251_4.png,r,251,4.png
251_6.png,r,251,6.png
251_8.png,r,251,8.png
252_0.png,r,252,0.png
252_10.png,r,252,10.png
252_12.png,r,252,12.png
252_14.png,r,252,14.png
252_16.png,r,252,16.png
252_4.png,r,252,4.png
252_6.png,r,252,6.png
252_8.png,r,252,8.png
253_0.png,r,253,0.png
253_2.png,r,253,2.png
253_4.png,r,253,4.png
253_6.png,r,253,6.png
253_8.png,r,253,8.png
254_0.png,r,254,0.png
254_10.png,r,254,10.png
254_2.png,r,254,2.png
254_4.png,r,254,4.png
254_6.png,r,254,6.png
254_8.png,r,254,8.png
255_0.png,r,255,0.png
255_10.png,r,255,10.png
255_12.png,r,255,12.png
255_2.png,r,255,2.png
255_4.png,r,255,4.png
255_6.png,r,255,6.png
255_8.png,r,255,8.png
256_0.png,r,256,0.png
256_10.png,r,256,10.png
256_12.png,r,256,12.png
256_2.png,r,256,2.png
256_4.png,r,256,4.png
256_8.png,r,256,8.png
257_0.png,r,257,0.png
257_10.png,r,257,10.png
257_12.png,r,257,12.png
257_4.png,r,257,4.png
257_6.png,r,257,6.png
258_0.png,r,258,0.png
258_10.png,r,258,10.png
258_2.png,r,258,2.png
258_4.png,r,258,4.png
258_6.png,r,258,6.png
258_8.png,r,258,8.png
259_0.png,r,259,0.png
259_2.png,r,259,2.png
259_4.png,r,259,4.png
259_6.png,r,259,6.png
25_0.png,r,25,0.png
25_10.png,r,25,10.png
25_12.png,r,25,12.png
25_2.png,r,25,2.png
25_4.png,r,25,4.png
25_6.png,r,25,6.png
25_8.png,r,25,8.png
260_0.png,r,260,0.png
260_10.png,r,260,10.png
260_12.png,r,260,12.png
260_14.png,r,260,14.png
260_2.png,r,260,2.png
260_4.png,r,260,4.png
260_6.png,r,260,6.png
260_8.png,r,260,8.png
261_0.png,r,261,0.png
261_10.png,r,261,10.png
261_2.png,r,261,2.png
261_4.png,r,261,4.png
261_6.png,r,261,6.png
261_8.png,r,261,8.png
262_0.png,r,262,0.png
262_10.png,r,262,10.png
262_2.png,r,262,2.png
262_4.png,r,262,4.png
262_6.png,r,262,6.png
262_8.png,r,262,8.png
263_0.png,r,263,0.png
263_10.png,r,263,10.png
263_2.png,r,263,2.png
263_4.png,r,263,4.png
263_6.png,r,263,6.png
263_8.png,r,263,8.png
264_10.png,r,264,10.png
264_12.png,r,264,12.png
264_2.png,r,264,2.png
264_4.png,r,264,4.png
264_6.png,r,264,6.png
264_8.png,r,264,8.png
265_0.png,r,265,0.png
265_10.png,r,265,10.png
265_12.png,r,265,12.png
265_2.png,r,265,2.png
265_4.png,r,265,4.png
265_6.png,r,265,6.png
265_8.png,r,265,8.png
26_0.png,r,26,0.png
26_10.png,r,26,10.png
26_12.png,r,26,12.png
26_14.png,r,26,14.png
26_2.png,r,26,2.png
26_4.png,r,26,4.png
26_6.png,r,26,6.png
26_8.png,r,26,8.png
27_0.png,r,27,0.png
27_10.png,r,27,10.png
27_12.png,r,27,12.png
27_2.png,r,27,2.png
27_4.png,r,27,4.png
27_6.png,r,27,6.png
28_0.png,r,28,0.png
28_10.png,r,28,10.png
28_2.png,r,28,2.png
28_4.png,r,28,4.png
28_6.png,r,28,6.png
28_8.png,r,28,8.png
29_0.png,r,29,0.png
29_10.png,r,29,10.png
29_12.png,r,29,12.png
29_14.png,r,29,14.png
29_16.png,r,29,16.png
29_18.png,r,29,18.png
29_2.png,r,29,2.png
29_4.png,r,29,4.png
29_6.png,r,29,6.png
29_8.png,r,29,8.png
2_0.png,r,2,0.png
2_2.png,r,2,2.png
2_4.png,r,2,4.png
2_6.png,r,2,6.png
2_8.png,r,2,8.png
31_0.png,r,31,0.png
31_10.png,r,31,10.png
31_12.png,r,31,12.png
31_14.png,r,31,14.png
31_2.png,r,31,2.png
31_4.png,r,31,4.png
31_6.png,r,31,6.png
31_8.png,r,31,8.png
32_0.png,r,32,0.png
32_10.png,r,32,10.png
32_12.png,r,32,12.png
32_2.png,r,32,2.png
32_4.png,r,32,4.png
32_6.png,r,32,6.png
32_8.png,r,32,8.png
33_0.png,r,33,0.png
33_2.png,r,33,2.png
33_4.png,r,33,4.png
33_6.png,r,33,6.png
33_8.png,r,33,8.png
34-2_0.png,r,34-2,0.png
34-2_10.png,r,34-2,10.png
34-2_2.png,r,34-2,2.png
34-2_4.png,r,34-2,4.png
34-2_6.png,r,34-2,6.png
34-2_8.png,r,34-2,8.png
35-2_0.png,r,35-2,0.png
35-2_4.png,r,35-2,4.png
35_0.png,r,35,0.png
35_2.png,r,35,2.png
35_4.png,r,35,4.png
35_6.png,r,35,6.png
35_8.png,r,35,8.png
36_0.png,r,36,0.png
36_10.png,r,36,10.png
36_2.png,r,36,2.png
36_4.png,r,36,4.png
36_6.png,r,36,6.png
36_8.png,r,36,8.png
37_0.png,r,37,0.png
37_2.png,r,37,2.png
37_4.png,r,37,4.png
37_6.png,r,37,6.png
37_8.png,r,37,8.png
38_0.png,r,38,0.png
38_10.png,r,38,10.png
38_2.png,r,38,2.png
38_4.png,r,38,4.png
38_6.png,r,38,6.png
38_8.png,r,38,8.png
39-2_0.png,r,39-2,0.png
39-2_10.png,r,39-2,10.png
39-2_12.png,r,39-2,12.png
39-2_2.png,r,39-2,2.png
39-2_4.png,r,39-2,4.png
39-2_6.png,r,39-2,6.png
39-2_8.png,r,39-2,8.png
3_0.png,r,3,0.png
3_10.png,r,3,10.png
3_2.png,r,3,2.png
3_4.png,r,3,4.png
3_6.png,r,3,6.png
3_8.png,r,3,8.png
40_0.png,r,40,0.png
40_2.png,r,40,2.png
40_4.png,r,40,4.png
40_6.png,r,40,6.png
40_8.png,r,40,8.png
41_0.png,r,41,0.png
41_2.png,r,41,2.png
41_4.png,r,41,4.png
41_6.png,r,41,6.png
41_8.png,r,41,8.png
42_10.png,r,42,10.png
42_2.png,r,42,2.png
42_4.png,r,42,4.png
42_6.png,r,42,6.png
42_8.png,r,42,8.png
43_0.png,r,43,0.png
43_2.png,r,43,2.png
43_4.png,r,43,4.png
43_6.png,r,43,6.png
43_8.png,r,43,8.png
44-1_0.png,r,44-1,0.png
44-1_2.png,r,44-1,2.png
44-1_4.png,r,44-1,4.png
44-1_6.png,r,44-1,6.png
44-1_8.png,r,44-1,8.png
44-2_0.png,r,44-2,0.png
44-2_2.png,r,44-2,2.png
44-2_4.png,r,44-2,4.png
45_0.png,r,45,0.png
45_2.png,r,45,2.png
45_4.png,r,45,4.png
45_6.png,r,45,6.png
45_8.png,r,45,8.png
46-1_0.png,r,46-1,0.png
46-1_10.png,r,46-1,10.png
46-1_12.png,r,46-1,12.png
46-1_2.png,r,46-1,2.png
46-1_4.png,r,46-1,4.png
46-1_6.png,r,46-1,6.png
46-1_8.png,r,46-1,8.png
47_0.png,r,47,0.png
47_10.png,r,47,10.png
47_12.png,r,47,12.png
47_14.png,r,47,14.png
47_16.png,r,47,16.png
47_2.png,r,47,2.png
47_4.png,r,47,4.png
47_6.png,r,47,6.png
47_8.png,r,47,8.png
48_0.png,r,48,0.png
48_10.png,r,48,10.png
48_2.png,r,48,2.png
48_4.png,r,48,4.png
48_6.png,r,48,6.png
48_8.png,r,48,8.png
49_0.png,r,49,0.png
49_2.png,r,49,2.png
49_4.png,r,49,4.png
49_6.png,r,49,6.png
49_8.png,r,49,8.png
4_0.png,r,4,0.png
4_10.png,r,4,10.png
4_2.png,r,4,2.png
4_4.png,r,4,4.png
4_6.png,r,4,6.png
4_8.png,r,4,8.png
50_0.png,r,50,0.png
50_6.png,r,50,6.png
50_8.png,r,50,8.png
51_0.png,r,51,0.png
51_10.png,r,51,10.png
51_12.png,r,51,12.png
51_14.png,r,51,14.png
51_2.png,r,51,2.png
51_6.png,r,51,6.png
52_0.png,r,52,0.png
52_10.png,r,52,10.png
52_2.png,r,52,2.png
52_4.png,r,52,4.png
52_6.png,r,52,6.png
53_0.png,r,53,0.png
53_2.png,r,53,2.png
53_4.png,r,53,4.png
53_6.png,r,53,6.png
53_8.png,r,53,8.png
54_0.png,r,54,0.png
54_4.png,r,54,4.png
54_8.png,r,54,8.png
55_0.png,r,55,0.png
55_10.png,r,55,10.png
55_2.png,r,55,2.png
55_4.png,r,55,4.png
55_6.png,r,55,6.png
55_8.png,r,55,8.png
57_0.png,r,57,0.png
57_10.png,r,57,10.png
57_12.png,r,57,12.png
57_2.png,r,57,2.png
57_4.png,r,57,4.png
57_6.png,r,57,6.png
57_8.png,r,57,8.png
58_0.png,r,58,0.png
58_10.png,r,58,10.png
58_12.png,r,58,12.png
58_2.png,r,58,2.png
58_4.png,r,58,4.png
58_6.png,r,58,6.png
58_8.png,r,58,8.png
59_0.png,r,59,0.png
59_10.png,r,59,10.png
59_2.png,r,59,2.png
59_4.png,r,59,4.png
59_6.png,r,59,6.png
59_8.png,r,59,8.png
5_0.png,r,5,0.png
5_10.png,r,5,10.png
5_2.png,r,5,2.png
5_4.png,r,5,4.png
5_6.png,r,5,6.png
5_8.png,r,5,8.png
60_0.png,r,60,0.png
60_10.png,r,60,10.png
60_12.png,r,60,12.png
60_2.png,r,60,2.png
60_4.png,r,60,4.png
60_6.png,r,60,6.png
60_8.png,r,60,8.png
61_0.png,r,61,0.png
61_10.png,r,61,10.png
61_12.png,r,61,12.png
61_14.png,r,61,14.png
61_16.png,r,61,16.png
61_18.png,r,61,18.png
61_2.png,r,61,2.png
61_4.png,r,61,4.png
61_6.png,r,61,6.png
61_8.png,r,61,8.png
62_0.png,r,62,0.png
62_10.png,r,62,10.png
62_2.png,r,62,2.png
62_4.png,r,62,4.png
62_6.png,r,62,6.png
62_8.png,r,62,8.png
63_0.png,r,63,0.png
63_10.png,r,63,10.png
63_12.png,r,63,12.png
63_14.png,r,63,14.png
63_16.png,r,63,16.png
63_18.png,r,63,18.png
63_2.png,r,63,2.png
63_20.png,r,63,20.png
63_4.png,r,63,4.png
63_6.png,r,63,6.png
63_8.png,r,63,8.png
64_0.png,r,64,0.png
64_10.png,r,64,10.png
64_12.png,r,64,12.png
64_14.png,r,64,14.png
64_16.png,r,64,16.png
64_18.png,r,64,18.png
64_2.png,r,64,2.png
64_6.png,r,64,6.png
64_8.png,r,64,8.png
65_0.png,r,65,0.png
65_10.png,r,65,10.png
65_12.png,r,65,12.png
65_14.png,r,65,14.png
65_2.png,r,65,2.png
65_4.png,r,65,4.png
65_6.png,r,65,6.png
65_8.png,r,65,8.png
66_0.png,r,66,0.png
66_10.png,r,66,10.png
66_12.png,r,66,12.png
66_14.png,r,66,14.png
66_2.png,r,66,2.png
66_4.png,r,66,4.png
66_6.png,r,66,6.png
66_8.png,r,66,8.png
67_0.png,r,67,0.png
67_10.png,r,67,10.png
67_12.png,r,67,12.png
67_2.png,r,67,2.png
67_4.png,r,67,4.png
67_6.png,r,67,6.png
67_8.png,r,67,8.png
68_0.png,r,68,0.png
68_10.png,r,68,10.png
68_2.png,r,68,2.png
68_4.png,r,68,4.png
68_6.png,r,68,6.png
68_8.png,r,68,8.png
69_0.png,r,69,0.png
69_10.png,r,69,10.png
69_2.png,r,69,2.png
69_4.png,r,69,4.png
69_6.png,r,69,6.png
70_2.png,r,70,2.png
70_6.png,r,70,6.png
71_0.png,r,71,0.png
71_2.png,r,71,2.png
71_4.png,r,71,4.png
72_0.png,r,72,0.png
72_2.png,r,72,2.png
72_4.png,r,72,4.png
74_4.png,r,74,4.png
74_6.png,r,74,6.png
75_0.png,r,75,0.png
75_10.png,r,75,10.png
75_12.png,r,75,12.png
75_14.png,r,75,14.png
75_16.png,r,75,16.png
75_2.png,r,75,2.png
75_4.png,r,75,4.png
75_6.png,r,75,6.png
76_0.png,r,76,0.png
76_10.png,r,76,10.png
76_12.png,r,76,12.png
76_2.png,r,76,2.png
76_4.png,r,76,4.png
76_6.png,r,76,6.png
76_8.png,r,76,8.png
77_0.png,r,77,0.png
77_10.png,r,77,10.png
77_2.png,r,77,2.png
77_4.png,r,77,4.png
77_6.png,r,77,6.png
77_8.png,r,77,8.png
78_0.png,r,78,0.png
78_2.png,r,78,2.png
78_4.png,r,78,4.png
78_6.png,r,78,6.png
78_8.png,r,78,8.png
79_0.png,r,79,0.png
79_10.png,r,79,10.png
79_12.png,r,79,12.png
79_14.png,r,79,14.png
79_16.png,r,79,16.png
79_2.png,r,79,2.png
79_4.png,r,79,4.png
79_8.png,r,79,8.png
7_0.png,r,7,0.png
7_2.png,r,7,2.png
7_4.png,r,7,4.png
7_6.png,r,7,6.png
7_8.png,r,7,8.png
80_0.png,r,80,0.png
80_10.png,r,80,10.png
80_2.png,r,80,2.png
80_4.png,r,80,4.png
80_6.png,r,80,6.png
80_8.png,r,80,8.png
81_0.png,r,81,0.png
81_2.png,r,81,2.png
81_4.png,r,81,4.png
81_6.png,r,81,6.png
82_0.png,r,82,0.png
82_10.png,r,82,10.png
82_12.png,r,82,12.png
82_2.png,r,82,2.png
82_4.png,r,82,4.png
82_6.png,r,82,6.png
82_8.png,r,82,8.png
83_0.png,r,83,0.png
83_10.png,r,83,10.png
83_2.png,r,83,2.png
83_4.png,r,83,4.png
83_6.png,r,83,6.png
83_8.png,r,83,8.png
84_0.png,r,84,0.png
84_10.png,r,84,10.png
84_12.png,r,84,12.png
84_2.png,r,84,2.png
84_4.png,r,84,4.png
84_8.png,r,84,8.png
85_0.png,r,85,0.png
85_10.png,r,85,10.png
85_12.png,r,85,12.png
85_2.png,r,85,2.png
85_4.png,r,85,4.png
85_8.png,r,85,8.png
86_0.png,r,86,0.png
86_10.png,r,86,10.png
86_12.png,r,86,12.png
86_14.png,r,86,14.png
86_2.png,r,86,2.png
86_4.png,r,86,4.png
86_6.png,r,86,6.png
86_8.png,r,86,8.png
87_0.png,r,87,0.png
87_10.png,r,87,10.png
87_12.png,r,87,12.png
87_14.png,r,87,14.png
87_2.png,r,87,2.png
87_4.png,r,87,4.png
87_6.png,r,87,6.png
87_8.png,r,87,8.png
89_10.png,r,89,10.png
89_12.png,r,89,12.png
89_2.png,r,89,2.png
89_4.png,r,89,4.png
89_6.png,r,89,6.png
89_8.png,r,89,8.png
8_0.png,r,8,0.png
8_10.png,r,8,10.png
8_2.png,r,8,2.png
8_4.png,r,8,4.png
8_6.png,r,8,6.png
8_8.png,r,8,8.png
90_0.png,r,90,0.png
90_10.png,r,90,10.png
90_2.png,r,90,2.png
90_4.png,r,90,4.png
90_6.png,r,90,6.png
90_8.png,r,90,8.png
91_0.png,r,91,0.png
91_10.png,r,91,10.png
91_2.png,r,91,2.png
91_4.png,r,91,4.png
91_8.png,r,91,8.png
92_2.png,r,92,2.png
92_4.png,r,92,4.png
92_6.png,r,92,6.png
92_8.png,r,92,8.png
93_0.png,r,93,0.png
93_10.png,r,93,10.png
93_2.png,r,93,2.png
93_4.png,r,93,4.png
93_6.png,r,93,6.png
93_8.png,r,93,8.png
94_0.png,r,94,0.png
94_10.png,r,94,10.png
94_12.png,r,94,12.png
94_2.png,r,94,2.png
94_4.png,r,94,4.png
94_6.png,r,94,6.png
94_8.png,r,94,8.png
95_0.png,r,95,0.png
95_10.png,r,95,10.png
95_2.png,r,95,2.png
95_6.png,r,95,6.png
95_8.png,r,95,8.png
96_0.png,r,96,0.png
96_10.png,r,96,10.png
96_2.png,r,96,2.png
96_4.png,r,96,4.png
96_6.png,r,96,6.png
96_8.png,r,96,8.png
97_0.png,r,97,0.png
97_10.png,r,97,10.png
97_2.png,r,97,2.png
97_4.png,r,97,4.png
97_6.png,r,97,6.png
97_8.png,r,97,8.png
99_0.png,r,99,0.png
99_10.png,r,99,10.png
99_2.png,r,99,2.png
99_4.png,r,99,4.png
99_6.png,r,99,6.png
99_8.png,r,99,8.png
9_0.png,r,9,0.png
9_10.png,r,9,10.png
9_12.png,r,9,12.png
9_2.png,r,9,2.png
9_4.png,r,9,4.png
9_6.png,r,9,6.png
9_8.png,r,9,8.png
0_1.png,l,0,1.png
0_11.png,l,0,11.png
0_13.png,l,0,13.png
0_3.png,l,0,3.png
0_5.png,l,0,5.png
0_7.png,l,0,7.png
0_9.png,l,0,9.png
100_1.png,l,100,1.png
100_3.png,l,100,3.png
100_5.png,l,100,5.png
100_7.png,l,100,7.png
100_9.png,l,100,9.png
101_1.png,l,101,1.png
101_11.png,l,101,11.png
101_13.png,l,101,13.png
101_15.png,l,101,15.png
101_3.png,l,101,3.png
101_5.png,l,101,5.png
101_7.png,l,101,7.png
101_9.png,l,101,9.png
102_1.png,l,102,1.png
102_3.png,l,102,3.png
102_5.png,l,102,5.png
102_7.png,l,102,7.png
102_9.png,l,102,9.png
103_1.png,l,103,1.png
103_11.png,l,103,11.png
103_3.png,l,103,3.png
103_5.png,l,103,5.png
103_7.png,l,103,7.png
103_9.png,l,103,9.png
104_1.png,l,104,1.png
104_11.png,l,104,11.png
104_3.png,l,104,3.png
104_5.png,l,104,5.png
104_7.png,l,104,7.png
104_9.png,l,104,9.png
105_1.png,l,105,1.png
105_11.png,l,105,11.png
105_13.png,l,105,13.png
105_15.png,l,105,15.png
105_17.png,l,105,17.png
105_5.png,l,105,5.png
105_7.png,l,105,7.png
105_9.png,l,105,9.png
106_1.png,l,106,1.png
106_11.png,l,106,11.png
106_3.png,l,106,3.png
106_5.png,l,106,5.png
106_7.png,l,106,7.png
106_9.png,l,106,9.png
107_1.png,l,107,1.png
107_11.png,l,107,11.png
107_13.png,l,107,13.png
107_15.png,l,107,15.png
107_17.png,l,107,17.png
107_3.png,l,107,3.png
107_5.png,l,107,5.png
107_7.png,l,107,7.png
107_9.png,l,107,9.png
108_11.png,l,108,11.png
108_13.png,l,108,13.png
108_15.png,l,108,15.png
108_3.png,l,108,3.png
108_5.png,l,108,5.png
108_7.png,l,108,7.png
108_9.png,l,108,9.png
109_1.png,l,109,1.png
109_11.png,l,109,11.png
109_13.png,l,109,13.png
109_3.png,l,109,3.png
109_7.png,l,109,7.png
109_9.png,l,109,9.png
110_1.png,l,110,1.png
110_11.png,l,110,11.png
110_3.png,l,110,3.png
110_5.png,l,110,5.png
110_7.png,l,110,7.png
110_9.png,l,110,9.png
111_1.png,l,111,1.png
111_11.png,l,111,11.png
111_3.png,l,111,3.png
111_5.png,l,111,5.png
111_7.png,l,111,7.png
111_9.png,l,111,9.png
112_1.png,l,112,1.png
112_11.png,l,112,11.png
112_13.png,l,112,13.png
112_15.png,l,112,15.png
112_3.png,l,112,3.png
112_5.png,l,112,5.png
112_7.png,l,112,7.png
112_9.png,l,112,9.png
113_1.png,l,113,1.png
113_11.png,l,113,11.png
113_13.png,l,113,13.png
113_3.png,l,113,3.png
113_5.png,l,113,5.png
113_7.png,l,113,7.png
113_9.png,l,113,9.png
114_1.png,l,114,1.png
114_11.png,l,114,11.png
114_13.png,l,114,13.png
114_3.png,l,114,3.png
114_5.png,l,114,5.png
114_7.png,l,114,7.png
114_9.png,l,114,9.png
115_1.png,l,115,1.png
115_11.png,l,115,11.png
115_13.png,l,115,13.png
115_15.png,l,115,15.png
115_3.png,l,115,3.png
115_5.png,l,115,5.png
115_7.png,l,115,7.png
116_1.png,l,116,1.png
116_11.png,l,116,11.png
116_3.png,l,116,3.png
116_5.png,l,116,5.png
116_7.png,l,116,7.png
116_9.png,l,116,9.png
117_1.png,l,117,1.png
117_11.png,l,117,11.png
117_13.png,l,117,13.png
117_15.png,l,117,15.png
117_3.png,l,117,3.png
117_5.png,l,117,5.png
117_7.png,l,117,7.png
117_9.png,l,117,9.png
118_1.png,l,118,1.png
118_11.png,l,118,11.png
118_13.png,l,118,13.png
118_15.png,l,118,15.png
118_3.png,l,118,3.png
118_5.png,l,118,5.png
118_9.png,l,118,9.png
119_1.png,l,119,1.png
119_11.png,l,119,11.png
119_3.png,l,119,3.png
119_5.png,l,119,5.png
119_7.png,l,119,7.png
119_9.png,l,119,9.png
11_1.png,l,11,1.png
11_11.png,l,11,11.png
11_13.png,l,11,13.png
11_3.png,l,11,3.png
11_5.png,l,11,5.png
11_7.png,l,11,7.png
11_9.png,l,11,9.png
120_1.png,l,120,1.png
120_11.png,l,120,11.png
120_13.png,l,120,13.png
120_3.png,l,120,3.png
120_5.png,l,120,5.png
120_7.png,l,120,7.png
120_9.png,l,120,9.png
121_1.png,l,121,1.png
121_11.png,l,121,11.png
121_13.png,l,121,13.png
121_15.png,l,121,15.png
121_17.png,l,121,17.png
121_3.png,l,121,3.png
121_5.png,l,121,5.png
121_7.png,l,121,7.png
121_9.png,l,121,9.png
122_1.png,l,122,1.png
122_11.png,l,122,11.png
122_13.png,l,122,13.png
122_15.png,l,122,15.png
122_3.png,l,122,3.png
122_5.png,l,122,5.png
122_7.png,l,122,7.png
122_9.png,l,122,9.png
123_1.png,l,123,1.png
123_11.png,l,123,11.png
123_13.png,l,123,13.png
123_15.png,l,123,15.png
123_3.png,l,123,3.png
123_7.png,l,123,7.png
123_9.png,l,123,9.png
124_1.png,l,124,1.png
124_11.png,l,124,11.png
124_3.png,l,124,3.png
124_5.png,l,124,5.png
124_7.png,l,124,7.png
124_9.png,l,124,9.png
125_1.png,l,125,1.png
125_3.png,l,125,3.png
125_5.png,l,125,5.png
125_7.png,l,125,7.png
126_1.png,l,126,1.png
126_11.png,l,126,11.png
126_3.png,l,126,3.png
126_5.png,l,126,5.png
126_7.png,l,126,7.png
126_9.png,l,126,9.png
127_1.png,l,127,1.png
127_3.png,l,127,3.png
127_5.png,l,127,5.png
127_7.png,l,127,7.png
127_9.png,l,127,9.png
128_1.png,l,128,1.png
128_11.png,l,128,11.png
128_13.png,l,128,13.png
128_3.png,l,128,3.png
128_5.png,l,128,5.png
128_7.png,l,128,7.png
128_9.png,l,128,9.png
129_1.png,l,129,1.png
129_11.png,l,129,11.png
129_13.png,l,129,13.png
129_15.png,l,129,15.png
129_17.png,l,129,17.png
129_19.png,l,129,19.png
129_3.png,l,129,3.png
129_5.png,l,129,5.png
129_7.png,l,129,7.png
129_9.png,l,129,9.png
12_1.png,l,12,1.png
12_3.png,l,12,3.png
12_5.png,l,12,5.png
12_7.png,l,12,7.png
130_1.png,l,130,1.png
130_11.png,l,130,11.png
130_13.png,l,130,13.png
130_15.png,l,130,15.png
130_17.png,l,130,17.png
130_3.png,l,130,3.png
130_5.png,l,130,5.png
130_7.png,l,130,7.png
130_9.png,l,130,9.png
131_1.png,l,131,1.png
131_11.png,l,131,11.png
131_13.png,l,131,13.png
131_15.png,l,131,15.png
131_17.png,l,131,17.png
131_3.png,l,131,3.png
131_5.png,l,131,5.png
131_7.png,l,131,7.png
131_9.png,l,131,9.png
132_1.png,l,132,1.png
132_11.png,l,132,11.png
132_13.png,l,132,13.png
132_15.png,l,132,15.png
132_3.png,l,132,3.png
132_5.png,l,132,5.png
132_7.png,l,132,7.png
132_9.png,l,132,9.png
133_1.png,l,133,1.png
133_11.png,l,133,11.png
133_13.png,l,133,13.png
133_15.png,l,133,15.png
133_17.png,l,133,17.png
133_3.png,l,133,3.png
133_5.png,l,133,5.png
133_7.png,l,133,7.png
133_9.png,l,133,9.png
134_1.png,l,134,1.png
134_3.png,l,134,3.png
134_5.png,l,134,5.png
134_7.png,l,134,7.png
134_9.png,l,134,9.png
135_1.png,l,135,1.png
135_11.png,l,135,11.png
135_3.png,l,135,3.png
135_5.png,l,135,5.png
135_7.png,l,135,7.png
135_9.png,l,135,9.png
136_1.png,l,136,1.png
136_11.png,l,136,11.png
136_3.png,l,136,3.png
136_5.png,l,136,5.png
136_7.png,l,136,7.png
136_9.png,l,136,9.png
137_1.png,l,137,1.png
137_11.png,l,137,11.png
137_13.png,l,137,13.png
137_3.png,l,137,3.png
137_5.png,l,137,5.png
137_7.png,l,137,7.png
137_9.png,l,137,9.png
138_1.png,l,138,1.png
138_11.png,l,138,11.png
138_13.png,l,138,13.png
138_15.png,l,138,15.png
138_3.png,l,138,3.png
138_5.png,l,138,5.png
138_7.png,l,138,7.png
138_9.png,l,138,9.png
139_1.png,l,139,1.png
139_3.png,l,139,3.png
139_5.png,l,139,5.png
139_7.png,l,139,7.png
139_9.png,l,139,9.png
140_1.png,l,140,1.png
140_11.png,l,140,11.png
140_13.png,l,140,13.png
140_3.png,l,140,3.png
140_5.png,l,140,5.png
140_7.png,l,140,7.png
140_9.png,l,140,9.png
141_1.png,l,141,1.png
141_11.png,l,141,11.png
141_13.png,l,141,13.png
141_3.png,l,141,3.png
141_5.png,l,141,5.png
141_7.png,l,141,7.png
141_9.png,l,141,9.png
142_1.png,l,142,1.png
142_11.png,l,142,11.png
142_13.png,l,142,13.png
142_15.png,l,142,15.png
142_17.png,l,142,17.png
142_19.png,l,142,19.png
142_21.png,l,142,21.png
142_3.png,l,142,3.png
142_5.png,l,142,5.png
142_7.png,l,142,7.png
142_9.png,l,142,9.png
143_1.png,l,143,1.png
143_11.png,l,143,11.png
143_13.png,l,143,13.png
143_15.png,l,143,15.png
143_17.png,l,143,17.png
143_19.png,l,143,19.png
143_21.png,l,143,21.png
143_23.png,l,143,23.png
143_25.png,l,143,25.png
143_3.png,l,143,3.png
143_5.png,l,143,5.png
143_7.png,l,143,7.png
143_9.png,l,143,9.png
144_1.png,l,144,1.png
144_11.png,l,144,11.png
144_13.png,l,144,13.png
144_3.png,l,144,3.png
144_5.png,l,144,5.png
144_9.png,l,144,9.png
145_1.png,l,145,1.png
145_11.png,l,145,11.png
145_3.png,l,145,3.png
145_5.png,l,145,5.png
145_7.png,l,145,7.png
145_9.png,l,145,9.png
146_1.png,l,146,1.png
146_11.png,l,146,11.png
146_13.png,l,146,13.png
146_5.png,l,146,5.png
146_7.png,l,146,7.png
146_9.png,l,146,9.png
147_1.png,l,147,1.png
147_11.png,l,147,11.png
147_13.png,l,147,13.png
147_3.png,l,147,3.png
147_5.png,l,147,5.png
147_7.png,l,147,7.png
147_9.png,l,147,9.png
148-1_1.png,l,148-1,1.png
148-1_11.png,l,148-1,11.png
148-1_13.png,l,148-1,13.png
148-1_15.png,l,148-1,15.png
148-1_3.png,l,148-1,3.png
148-1_5.png,l,148-1,5.png
148-1_7.png,l,148-1,7.png
148-1_9.png,l,148-1,9.png
149_1.png,l,149,1.png
149_11.png,l,149,11.png
149_13.png,l,149,13.png
149_15.png,l,149,15.png
149_17.png,l,149,17.png
149_19.png,l,149,19.png
149_21.png,l,149,21.png
149_3.png,l,149,3.png
149_5.png,l,149,5.png
149_7.png,l,149,7.png
149_9.png,l,149,9.png
150_1.png,l,150,1.png
150_11.png,l,150,11.png
150_13.png,l,150,13.png
150_15.png,l,150,15.png
150_3.png,l,150,3.png
150_5.png,l,150,5.png
150_7.png,l,150,7.png
150_9.png,l,150,9.png
151_1.png,l,151,1.png
151_11.png,l,151,11.png
151_13.png,l,151,13.png
151_3.png,l,151,3.png
151_5.png,l,151,5.png
151_7.png,l,151,7.png
151_9.png,l,151,9.png
152_1.png,l,152,1.png
152_11.png,l,152,11.png
152_13.png,l,152,13.png
152_15.png,l,152,15.png
152_3.png,l,152,3.png
152_5.png,l,152,5.png
152_7.png,l,152,7.png
152_9.png,l,152,9.png
153_1.png,l,153,1.png
153_11.png,l,153,11.png
153_13.png,l,153,13.png
153_15.png,l,153,15.png
153_17.png,l,153,17.png
153_19.png,l,153,19.png
153_3.png,l,153,3.png
153_5.png,l,153,5.png
153_7.png,l,153,7.png
153_9.png,l,153,9.png
154_1.png,l,154,1.png
154_11.png,l,154,11.png
154_13.png,l,154,13.png
154_15.png,l,154,15.png
154_17.png,l,154,17.png
154_19.png,l,154,19.png
154_3.png,l,154,3.png
154_5.png,l,154,5.png
154_7.png,l,154,7.png
154_9.png,l,154,9.png
155_1.png,l,155,1.png
155_11.png,l,155,11.png
155_13.png,l,155,13.png
155_15.png,l,155,15.png
155_3.png,l,155,3.png
155_5.png,l,155,5.png
155_7.png,l,155,7.png
155_9.png,l,155,9.png
156_1.png,l,156,1.png
156_3.png,l,156,3.png
156_5.png,l,156,5.png
156_7.png,l,156,7.png
157_1.png,l,157,1.png
157_3.png,l,157,3.png
157_7.png,l,157,7.png
158_11.png,l,158,11.png
158_13.png,l,158,13.png
158_21.png,l,158,21.png
158_23.png,l,158,23.png
158_25.png,l,158,25.png
158_29.png,l,158,29.png
158_3.png,l,158,3.png
158_31.png,l,158,31.png
158_7.png,l,158,7.png
158_9.png,l,158,9.png
159_1.png,l,159,1.png
159_11.png,l,159,11.png
159_13.png,l,159,13.png
159_15.png,l,159,15.png
159_17.png,l,159,17.png
159_19.png,l,159,19.png
159_21.png,l,159,21.png
159_23.png,l,159,23.png
159_25.png,l,159,25.png
159_3.png,l,159,3.png
159_5.png,l,159,5.png
159_7.png,l,159,7.png
159_9.png,l,159,9.png
160_1.png,l,160,1.png
160_11.png,l,160,11.png
160_13.png,l,160,13.png
160_15.png,l,160,15.png
160_3.png,l,160,3.png
160_5.png,l,160,5.png
160_7.png,l,160,7.png
160_9.png,l,160,9.png
161_1.png,l,161,1.png
161_11.png,l,161,11.png
161_13.png,l,161,13.png
161_15.png,l,161,15.png
161_17.png,l,161,17.png
161_19.png,l,161,19.png
161_3.png,l,161,3.png
161_5.png,l,161,5.png
161_7.png,l,161,7.png
161_9.png,l,161,9.png
163-2_1.png,l,163-2,1.png
163-2_3.png,l,163-2,3.png
163-2_5.png,l,163-2,5.png
163-2_7.png,l,163-2,7.png
163_1.png,l,163,1.png
163_3.png,l,163,3.png
163_5.png,l,163,5.png
163_7.png,l,163,7.png
163_9.png,l,163,9.png
164_1.png,l,164,1.png
164_3.png,l,164,3.png
164_5.png,l,164,5.png
164_7.png,l,164,7.png
165_1.png,l,165,1.png
165_5.png,l,165,5.png
16_1.png,l,16,1.png
16_11.png,l,16,11.png
16_3.png,l,16,3.png
16_5.png,l,16,5.png
16_7.png,l,16,7.png
170_1.png,l,170,1.png
170_3.png,l,170,3.png
170_5.png,l,170,5.png
172_1.png,l,172,1.png
172_3.png,l,172,3.png
172_5.png,l,172,5.png
172_7.png,l,172,7.png
178_1.png,l,178,1.png
178_3.png,l,178,3.png
178_5.png,l,178,5.png
178_7.png,l,178,7.png
17_1.png,l,17,1.png
17_3.png,l,17,3.png
17_5.png,l,17,5.png
180_1.png,l,180,1.png
180_11.png,l,180,11.png
180_3.png,l,180,3.png
180_7.png,l,180,7.png
180_9.png,l,180,9.png
181_1.png,l,181,1.png
181_3.png,l,181,3.png
181_5.png,l,181,5.png
181_7.png,l,181,7.png
181_9.png,l,181,9.png
182_1.png,l,182,1.png
182_3.png,l,182,3.png
182_5.png,l,182,5.png
184_1.png,l,184,1.png
184_3.png,l,184,3.png
184_5.png,l,184,5.png
184_7.png,l,184,7.png
184_9.png,l,184,9.png
185_1.png,l,185,1.png
185_11.png,l,185,11.png
185_5.png,l,185,5.png
185_7.png,l,185,7.png
185_9.png,l,185,9.png
186_1.png,l,186,1.png
186_11.png,l,186,11.png
186_13.png,l,186,13.png
186_3.png,l,186,3.png
186_5.png,l,186,5.png
186_9.png,l,186,9.png
187_1.png,l,187,1.png
187_11.png,l,187,11.png
187_13.png,l,187,13.png
187_17.png,l,187,17.png
187_19.png,l,187,19.png
187_3.png,l,187,3.png
187_5.png,l,187,5.png
187_7.png,l,187,7.png
188_1.png,l,188,1.png
188_11.png,l,188,11.png
188_3.png,l,188,3.png
188_5.png,l,188,5.png
188_7.png,l,188,7.png
188_9.png,l,188,9.png
189_1.png,l,189,1.png
189_11.png,l,189,11.png
189_13.png,l,189,13.png
189_15.png,l,189,15.png
189_3.png,l,189,3.png
189_7.png,l,189,7.png
189_9.png,l,189,9.png
18_1.png,l,18,1.png
18_11.png,l,18,11.png
18_3.png,l,18,3.png
18_5.png,l,18,5.png
18_7.png,l,18,7.png
18_9.png,l,18,9.png
190_1.png,l,190,1.png
190_3.png,l,190,3.png
190_5.png,l,190,5.png
190_7.png,l,190,7.png
190_9.png,l,190,9.png
191_1.png,l,191,1.png
191_11.png,l,191,11.png
191_3.png,l,191,3.png
191_5.png,l,191,5.png
191_7.png,l,191,7.png
191_9.png,l,191,9.png
192_1.png,l,192,1.png
192_11.png,l,192,11.png
192_13.png,l,192,13.png
192_15.png,l,192,15.png
192_3.png,l,192,3.png
192_5.png,l,192,5.png
192_7.png,l,192,7.png
192_9.png,l,192,9.png
193_1.png,l,193,1.png
193_11.png,l,193,11.png
193_3.png,l,193,3.png
193_5.png,l,193,5.png
193_7.png,l,193,7.png
193_9.png,l,193,9.png
194_1.png,l,194,1.png
194_11.png,l,194,11.png
194_13.png,l,194,13.png
194_3.png,l,194,3.png
194_5.png,l,194,5.png
194_7.png,l,194,7.png
194_9.png,l,194,9.png
195-2_1.png,l,195-2,1.png
195-2_3.png,l,195-2,3.png
195_1.png,l,195,1.png
195_11.png,l,195,11.png
195_3.png,l,195,3.png
195_5.png,l,195,5.png
195_7.png,l,195,7.png
195_9.png,l,195,9.png
196_1.png,l,196,1.png
196_11.png,l,196,11.png
196_3.png,l,196,3.png
196_5.png,l,196,5.png
196_7.png,l,196,7.png
196_9.png,l,196,9.png
197_1.png,l,197,1.png
197_11.png,l,197,11.png
197_3.png,l,197,3.png
197_5.png,l,197,5.png
197_7.png,l,197,7.png
197_9.png,l,197,9.png
198_11.png,l,198,11.png
198_3.png,l,198,3.png
198_5.png,l,198,5.png
198_9.png,l,198,9.png
199_1.png,l,199,1.png
199_11.png,l,199,11.png
199_13.png,l,199,13.png
199_15.png,l,199,15.png
199_3.png,l,199,3.png
199_5.png,l,199,5.png
199_7.png,l,199,7.png
199_9.png,l,199,9.png
19_1.png,l,19,1.png
19_11.png,l,19,11.png
19_3.png,l,19,3.png
19_5.png,l,19,5.png
19_7.png,l,19,7.png
19_9.png,l,19,9.png
1_1.png,l,1,1.png
1_11.png,l,1,11.png
1_13.png,l,1,13.png
1_15.png,l,1,15.png
1_3.png,l,1,3.png
1_5.png,l,1,5.png
1_7.png,l,1,7.png
1_9.png,l,1,9.png
200_1.png,l,200,1.png
200_11.png,l,200,11.png
200_3.png,l,200,3.png
200_5.png,l,200,5.png
200_7.png,l,200,7.png
200_9.png,l,200,9.png
202_1.png,l,202,1.png
202_3.png,l,202,3.png
202_5.png,l,202,5.png
202_7.png,l,202,7.png
202_9.png,l,202,9.png
204_1.png,l,204,1.png
204_11.png,l,204,11.png
204_13.png,l,204,13.png
204_3.png,l,204,3.png
204_5.png,l,204,5.png
204_7.png,l,204,7.png
204_9.png,l,204,9.png
205_1.png,l,205,1.png
205_3.png,l,205,3.png
205_5.png,l,205,5.png
205_7.png,l,205,7.png
205_9.png,l,205,9.png
206_1.png,l,206,1.png
206_11.png,l,206,11.png
206_13.png,l,206,13.png
206_3.png,l,206,3.png
206_5.png,l,206,5.png
206_9.png,l,206,9.png
207_1.png,l,207,1.png
207_11.png,l,207,11.png
207_15.png,l,207,15.png
207_3.png,l,207,3.png
207_5.png,l,207,5.png
207_9.png,l,207,9.png
208_1.png,l,208,1.png
208_11.png,l,208,11.png
208_3.png,l,208,3.png
208_5.png,l,208,5.png
208_7.png,l,208,7.png
208_9.png,l,208,9.png
209_1.png,l,209,1.png
209_11.png,l,209,11.png
209_13.png,l,209,13.png
209_15.png,l,209,15.png
209_3.png,l,209,3.png
209_5.png,l,209,5.png
209_7.png,l,209,7.png
209_9.png,l,209,9.png
20_1.png,l,20,1.png
20_3.png,l,20,3.png
20_5.png,l,20,5.png
20_7.png,l,20,7.png
20_9.png,l,20,9.png
210_1.png,l,210,1.png
210_11.png,l,210,11.png
210_3.png,l,210,3.png
210_7.png,l,210,7.png
210_9.png,l,210,9.png
212_1.png,l,212,1.png
212_11.png,l,212,11.png
212_3.png,l,212,3.png
212_5.png,l,212,5.png
212_7.png,l,212,7.png
212_9.png,l,212,9.png
213_1.png,l,213,1.png
213_11.png,l,213,11.png
213_13.png,l,213,13.png
213_15.png,l,213,15.png
213_3.png,l,213,3.png
213_5.png,l,213,5.png
213_7.png,l,213,7.png
213_9.png,l,213,9.png
214_1.png,l,214,1.png
214_5.png,l,214,5.png
214_7.png,l,214,7.png
215_1.png,l,215,1.png
215_11.png,l,215,11.png
215_13.png,l,215,13.png
215_15.png,l,215,15.png
215_3.png,l,215,3.png
215_5.png,l,215,5.png
215_9.png,l,215,9.png
216_1.png,l,216,1.png
216_11.png,l,216,11.png
216_13.png,l,216,13.png
216_15.png,l,216,15.png
216_3.png,l,216,3.png
216_7.png,l,216,7.png
216_9.png,l,216,9.png
217_1.png,l,217,1.png
217_3.png,l,217,3.png
217_5.png,l,217,5.png
217_7.png,l,217,7.png
217_9.png,l,217,9.png
218_1.png,l,218,1.png
218_13.png,l,218,13.png
218_15.png,l,218,15.png
218_5.png,l,218,5.png
218_7.png,l,218,7.png
219_1.png,l,219,1.png
219_11.png,l,219,11.png
219_13.png,l,219,13.png
219_15.png,l,219,15.png
219_3.png,l,219,3.png
219_5.png,l,219,5.png
219_7.png,l,219,7.png
219_9.png,l,219,9.png
21_1.png,l,21,1.png
21_11.png,l,21,11.png
21_13.png,l,21,13.png
21_3.png,l,21,3.png
21_5.png,l,21,5.png
21_7.png,l,21,7.png
21_9.png,l,21,9.png
220_1.png,l,220,1.png
220_11.png,l,220,11.png
220_13.png,l,220,13.png
220_15.png,l,220,15.png
220_3.png,l,220,3.png
220_5.png,l,220,5.png
220_7.png,l,220,7.png
220_9.png,l,220,9.png
222_1.png,l,222,1.png
222_11.png,l,222,11.png
222_15.png,l,222,15.png
222_3.png,l,222,3.png
222_5.png,l,222,5.png
222_7.png,l,222,7.png
222_9.png,l,222,9.png
223_1.png,l,223,1.png
223_11.png,l,223,11.png
223_3.png,l,223,3.png
223_5.png,l,223,5.png
223_7.png,l,223,7.png
223_9.png,l,223,9.png
224_1.png,l,224,1.png
224_11.png,l,224,11.png
224_3.png,l,224,3.png
224_5.png,l,224,5.png
224_7.png,l,224,7.png
224_9.png,l,224,9.png
225_11.png,l,225,11.png
225_13.png,l,225,13.png
225_15.png,l,225,15.png
225_3.png,l,225,3.png
225_7.png,l,225,7.png
225_9.png,l,225,9.png
226_1.png,l,226,1.png
226_3.png,l,226,3.png
226_5.png,l,226,5.png
226_9.png,l,226,9.png
227_1.png,l,227,1.png
227_13.png,l,227,13.png
227_15.png,l,227,15.png
227_17.png,l,227,17.png
227_3.png,l,227,3.png
227_5.png,l,227,5.png
227_9.png,l,227,9.png
228_1.png,l,228,1.png
228_11.png,l,228,11.png
228_13.png,l,228,13.png
228_3.png,l,228,3.png
228_5.png,l,228,5.png
228_7.png,l,228,7.png
228_9.png,l,228,9.png
229_1.png,l,229,1.png
229_11.png,l,229,11.png
229_3.png,l,229,3.png
229_5.png,l,229,5.png
229_7.png,l,229,7.png
229_9.png,l,229,9.png
22_1.png,l,22,1.png
22_11.png,l,22,11.png
22_13.png,l,22,13.png
22_15.png,l,22,15.png
22_3.png,l,22,3.png
22_5.png,l,22,5.png
22_7.png,l,22,7.png
22_9.png,l,22,9.png
230_1.png,l,230,1.png
230_11.png,l,230,11.png
230_3.png,l,230,3.png
230_5.png,l,230,5.png
230_7.png,l,230,7.png
230_9.png,l,230,9.png
231_1.png,l,231,1.png
231_3.png,l,231,3.png
231_5.png,l,231,5.png
231_7.png,l,231,7.png
231_9.png,l,231,9.png
232_1.png,l,232,1.png
232_11.png,l,232,11.png
232_3.png,l,232,3.png
232_5.png,l,232,5.png
232_7.png,l,232,7.png
232_9.png,l,232,9.png
233_1.png,l,233,1.png
233_3.png,l,233,3.png
233_5.png,l,233,5.png
233_7.png,l,233,7.png
233_9.png,l,233,9.png
234_1.png,l,234,1.png
234_15.png,l,234,15.png
234_3.png,l,234,3.png
234_5.png,l,234,5.png
234_7.png,l,234,7.png
234_9.png,l,234,9.png
235_1.png,l,235,1.png
235_3.png,l,235,3.png
235_5.png,l,235,5.png
235_7.png,l,235,7.png
236_1.png,l,236,1.png
236_3.png,l,236,3.png
236_5.png,l,236,5.png
236_7.png,l,236,7.png
237_1.png,l,237,1.png
237_11.png,l,237,11.png
237_13.png,l,237,13.png
237_3.png,l,237,3.png
237_5.png,l,237,5.png
237_7.png,l,237,7.png
237_9.png,l,237,9.png
238_1.png,l,238,1.png
238_3.png,l,238,3.png
238_5.png,l,238,5.png
238_7.png,l,238,7.png
239_1.png,l,239,1.png
239_11.png,l,239,11.png
239_13.png,l,239,13.png
239_15.png,l,239,15.png
239_3.png,l,239,3.png
239_7.png,l,239,7.png
239_9.png,l,239,9.png
23_1.png,l,23,1.png
23_11.png,l,23,11.png
23_3.png,l,23,3.png
23_5.png,l,23,5.png
23_7.png,l,23,7.png
23_9.png,l,23,9.png
240_1.png,l,240,1.png
240_11.png,l,240,11.png
240_3.png,l,240,3.png
240_5.png,l,240,5.png
240_7.png,l,240,7.png
240_9.png,l,240,9.png
241_13.png,l,241,13.png
241_15.png,l,241,15.png
241_3.png,l,241,3.png
241_5.png,l,241,5.png
241_7.png,l,241,7.png
241_9.png,l,241,9.png
242_1.png,l,242,1.png
242_11.png,l,242,11.png
242_13.png,l,242,13.png
242_15.png,l,242,15.png
242_3.png,l,242,3.png
242_5.png,l,242,5.png
242_7.png,l,242,7.png
243-1_1.png,l,243-1,1.png
243-1_11.png,l,243-1,11.png
243-1_15.png,l,243-1,15.png
243-1_3.png,l,243-1,3.png
243-1_5.png,l,243-1,5.png
243-1_7.png,l,243-1,7.png
243-1_9.png,l,243-1,9.png
244-1_1.png,l,244-1,1.png
244-1_3.png,l,244-1,3.png
244-1_5.png,l,244-1,5.png
244-1_7.png,l,244-1,7.png
244-1_9.png,l,244-1,9.png
245_1.png,l,245,1.png
245_11.png,l,245,11.png
245_13.png,l,245,13.png
245_3.png,l,245,3.png
245_5.png,l,245,5.png
245_7.png,l,245,7.png
245_9.png,l,245,9.png
246-1_1.png,l,246-1,1.png
246-1_11.png,l,246-1,11.png
246-1_3.png,l,246-1,3.png
246-1_5.png,l,246-1,5.png
246-1_7.png,l,246-1,7.png
246-1_9.png,l,246-1,9.png
247_1.png,l,247,1.png
247_11.png,l,247,11.png
247_13.png,l,247,13.png
247_3.png,l,247,3.png
247_5.png,l,247,5.png
247_7.png,l,247,7.png
247_9.png,l,247,9.png
248_11.png,l,248,11.png
248_3.png,l,248,3.png
248_5.png,l,248,5.png
248_7.png,l,248,7.png
248_9.png,l,248,9.png
249_1.png,l,249,1.png
249_13.png,l,249,13.png
249_15.png,l,249,15.png
249_17.png,l,249,17.png
249_5.png,l,249,5.png
249_7.png,l,249,7.png
249_9.png,l,249,9.png
24_1.png,l,24,1.png
24_3.png,l,24,3.png
24_5.png,l,24,5.png
24_7.png,l,24,7.png
250_1.png,l,250,1.png
250_11.png,l,250,11.png
250_15.png,l,250,15.png
250_17.png,l,250,17.png
250_3.png,l,250,3.png
250_5.png,l,250,5.png
250_7.png,l,250,7.png
250_9.png,l,250,9.png
251_11.png,l,251,11.png
251_13.png,l,251,13.png
251_3.png,l,251,3.png
251_5.png,l,251,5.png
251_7.png,l,251,7.png
251_9.png,l,251,9.png
252_1.png,l,252,1.png
252_11.png,l,252,11.png
252_13.png,l,252,13.png
252_15.png,l,252,15.png
252_17.png,l,252,17.png
252_5.png,l,252,5.png
252_7.png,l,252,7.png
252_9.png,l,252,9.png
253_1.png,l,253,1.png
253_3.png,l,253,3.png
253_5.png,l,253,5.png
253_7.png,l,253,7.png
253_9.png,l,253,9.png
254_1.png,l,254,1.png
254_11.png,l,254,11.png
254_3.png,l,254,3.png
254_5.png,l,254,5.png
254_7.png,l,254,7.png
254_9.png,l,254,9.png
255_1.png,l,255,1.png
255_11.png,l,255,11.png
255_13.png,l,255,13.png
255_3.png,l,255,3.png
255_5.png,l,255,5.png
255_7.png,l,255,7.png
255_9.png,l,255,9.png
256_1.png,l,256,1.png
256_11.png,l,256,11.png
256_13.png,l,256,13.png
256_3.png,l,256,3.png
256_5.png,l,256,5.png
256_9.png,l,256,9.png
257_1.png,l,257,1.png
257_11.png,l,257,11.png
257_13.png,l,257,13.png
257_5.png,l,257,5.png
257_7.png,l,257,7.png
258_1.png,l,258,1.png
258_11.png,l,258,11.png
258_3.png,l,258,3.png
258_5.png,l,258,5.png
258_7.png,l,258,7.png
258_9.png,l,258,9.png
259_1.png,l,259,1.png
259_3.png,l,259,3.png
259_5.png,l,259,5.png
259_7.png,l,259,7.png
25_1.png,l,25,1.png
25_11.png,l,25,11.png
25_13.png,l,25,13.png
25_3.png,l,25,3.png
25_5.png,l,25,5.png
25_7.png,l,25,7.png
25_9.png,l,25,9.png
260_1.png,l,260,1.png
260_11.png,l,260,11.png
260_13.png,l,260,13.png
260_15.png,l,260,15.png
260_3.png,l,260,3.png
260_5.png,l,260,5.png
260_7.png,l,260,7.png
260_9.png,l,260,9.png
261_1.png,l,261,1.png
261_11.png,l,261,11.png
261_3.png,l,261,3.png
261_5.png,l,261,5.png
261_7.png,l,261,7.png
261_9.png,l,261,9.png
262_1.png,l,262,1.png
262_11.png,l,262,11.png
262_3.png,l,262,3.png
262_5.png,l,262,5.png
262_7.png,l,262,7.png
262_9.png,l,262,9.png
263_1.png,l,263,1.png
263_11.png,l,263,11.png
263_3.png,l,263,3.png
263_5.png,l,263,5.png
263_7.png,l,263,7.png
263_9.png,l,263,9.png
264_11.png,l,264,11.png
264_13.png,l,264,13.png
264_3.png,l,264,3.png
264_5.png,l,264,5.png
264_7.png,l,264,7.png
264_9.png,l,264,9.png
265_1.png,l,265,1.png
265_11.png,l,265,11.png
265_13.png,l,265,13.png
265_3.png,l,265,3.png
265_5.png,l,265,5.png
265_7.png,l,265,7.png
265_9.png,l,265,9.png
26_1.png,l,26,1.png
26_11.png,l,26,11.png
26_13.png,l,26,13.png
26_15.png,l,26,15.png
26_3.png,l,26,3.png
26_5.png,l,26,5.png
26_7.png,l,26,7.png
26_9.png,l,26,9.png
27_1.png,l,27,1.png
27_11.png,l,27,11.png
27_13.png,l,27,13.png
27_3.png,l,27,3.png
27_5.png,l,27,5.png
27_7.png,l,27,7.png
28_1.png,l,28,1.png
28_11.png,l,28,11.png
28_3.png,l,28,3.png
28_5.png,l,28,5.png
28_7.png,l,28,7.png
28_9.png,l,28,9.png
29_1.png,l,29,1.png
29_11.png,l,29,11.png
29_13.png,l,29,13.png
29_15.png,l,29,15.png
29_17.png,l,29,17.png
29_19.png,l,29,19.png
29_3.png,l,29,3.png
29_5.png,l,29,5.png
29_7.png,l,29,7.png
29_9.png,l,29,9.png
2_1.png,l,2,1.png
2_3.png,l,2,3.png
2_5.png,l,2,5.png
2_7.png,l,2,7.png
2_9.png,l,2,9.png
31_1.png,l,31,1.png
31_11.png,l,31,11.png
31_13.png,l,31,13.png
31_15.png,l,31,15.png
31_3.png,l,31,3.png
31_5.png,l,31,5.png
31_7.png,l,31,7.png
31_9.png,l,31,9.png
32_1.png,l,32,1.png
32_11.png,l,32,11.png
32_13.png,l,32,13.png
32_3.png,l,32,3.png
32_5.png,l,32,5.png
32_7.png,l,32,7.png
32_9.png,l,32,9.png
33_1.png,l,33,1.png
33_3.png,l,33,3.png
33_5.png,l,33,5.png
33_7.png,l,33,7.png
33_9.png,l,33,9.png
34-2_1.png,l,34-2,1.png
34-2_11.png,l,34-2,11.png
34-2_3.png,l,34-2,3.png
34-2_5.png,l,34-2,5.png
34-2_7.png,l,34-2,7.png
34-2_9.png,l,34-2,9.png
35-2_1.png,l,35-2,1.png
35-2_5.png,l,35-2,5.png
35_1.png,l,35,1.png
35_3.png,l,35,3.png
35_5.png,l,35,5.png
35_7.png,l,35,7.png
35_9.png,l,35,9.png
36_1.png,l,36,1.png
36_11.png,l,36,11.png
36_3.png,l,36,3.png
36_5.png,l,36,5.png
36_7.png,l,36,7.png
36_9.png,l,36,9.png
37_1.png,l,37,1.png
37_3.png,l,37,3.png
37_5.png,l,37,5.png
37_7.png,l,37,7.png
37_9.png,l,37,9.png
38_1.png,l,38,1.png
38_11.png,l,38,11.png
38_3.png,l,38,3.png
38_5.png,l,38,5.png
38_7.png,l,38,7.png
38_9.png,l,38,9.png
39-2_1.png,l,39-2,1.png
39-2_11.png,l,39-2,11.png
39-2_13.png,l,39-2,13.png
39-2_3.png,l,39-2,3.png
39-2_5.png,l,39-2,5.png
39-2_7.png,l,39-2,7.png
39-2_9.png,l,39-2,9.png
3_1.png,l,3,1.png
3_11.png,l,3,11.png
3_3.png,l,3,3.png
3_5.png,l,3,5.png
3_7.png,l,3,7.png
3_9.png,l,3,9.png
40_1.png,l,40,1.png
40_3.png,l,40,3.png
40_5.png,l,40,5.png
40_7.png,l,40,7.png
40_9.png,l,40,9.png
41_1.png,l,41,1.png
41_3.png,l,41,3.png
41_5.png,l,41,5.png
41_7.png,l,41,7.png
41_9.png,l,41,9.png
42_11.png,l,42,11.png
42_3.png,l,42,3.png
42_5.png,l,42,5.png
42_7.png,l,42,7.png
42_9.png,l,42,9.png
43_1.png,l,43,1.png
43_3.png,l,43,3.png
43_5.png,l,43,5.png
43_7.png,l,43,7.png
43_9.png,l,43,9.png
44-1_1.png,l,44-1,1.png
44-1_3.png,l,44-1,3.png
44-1_5.png,l,44-1,5.png
44-1_7.png,l,44-1,7.png
44-1_9.png,l,44-1,9.png
44-2_1.png,l,44-2,1.png
44-2_3.png,l,44-2,3.png
44-2_5.png,l,44-2,5.png
45_1.png,l,45,1.png
45_3.png,l,45,3.png
45_5.png,l,45,5.png
45_7.png,l,45,7.png
45_9.png,l,45,9.png
46-1_1.png,l,46-1,1.png
46-1_11.png,l,46-1,11.png
46-1_13.png,l,46-1,13.png
46-1_3.png,l,46-1,3.png
46-1_5.png,l,46-1,5.png
46-1_7.png,l,46-1,7.png
46-1_9.png,l,46-1,9.png
47_1.png,l,47,1.png
47_11.png,l,47,11.png
47_13.png,l,47,13.png
47_15.png,l,47,15.png
47_17.png,l,47,17.png
47_3.png,l,47,3.png
47_5.png,l,47,5.png
47_7.png,l,47,7.png
47_9.png,l,47,9.png
48_1.png,l,48,1.png
48_11.png,l,48,11.png
48_3.png,l,48,3.png
48_5.png,l,48,5.png
48_7.png,l,48,7.png
48_9.png,l,48,9.png
49_1.png,l,49,1.png
49_3.png,l,49,3.png
49_5.png,l,49,5.png
49_7.png,l,49,7.png
49_9.png,l,49,9.png
4_1.png,l,4,1.png
4_11.png,l,4,11.png
4_3.png,l,4,3.png
4_5.png,l,4,5.png
4_7.png,l,4,7.png
4_9.png,l,4,9.png
50_1.png,l,50,1.png
50_7.png,l,50,7.png
50_9.png,l,50,9.png
51_1.png,l,51,1.png
51_11.png,l,51,11.png
51_13.png,l,51,13.png
51_15.png,l,51,15.png
51_3.png,l,51,3.png
51_7.png,l,51,7.png
52_1.png,l,52,1.png
52_11.png,l,52,11.png
52_3.png,l,52,3.png
52_5.png,l,52,5.png
52_7.png,l,52,7.png
53_1.png,l,53,1.png
53_3.png,l,53,3.png
53_5.png,l,53,5.png
53_7.png,l,53,7.png
53_9.png,l,53,9.png
54_1.png,l,54,1.png
54_5.png,l,54,5.png
54_9.png,l,54,9.png
55_1.png,l,55,1.png
55_11.png,l,55,11.png
55_3.png,l,55,3.png
55_5.png,l,55,5.png
55_7.png,l,55,7.png
55_9.png,l,55,9.png
57_1.png,l,57,1.png
57_11.png,l,57,11.png
57_13.png,l,57,13.png
57_3.png,l,57,3.png
57_5.png,l,57,5.png
57_7.png,l,57,7.png
57_9.png,l,57,9.png
58_1.png,l,58,1.png
58_11.png,l,58,11.png
58_13.png,l,58,13.png
58_3.png,l,58,3.png
58_5.png,l,58,5.png
58_7.png,l,58,7.png
58_9.png,l,58,9.png
59_1.png,l,59,1.png
59_11.png,l,59,11.png
59_3.png,l,59,3.png
59_5.png,l,59,5.png
59_7.png,l,59,7.png
59_9.png,l,59,9.png
5_1.png,l,5,1.png
5_11.png,l,5,11.png
5_3.png,l,5,3.png
5_5.png,l,5,5.png
5_7.png,l,5,7.png
5_9.png,l,5,9.png
60_1.png,l,60,1.png
60_11.png,l,60,11.png
60_13.png,l,60,13.png
60_3.png,l,60,3.png
60_5.png,l,60,5.png
60_7.png,l,60,7.png
60_9.png,l,60,9.png
61_1.png,l,61,1.png
61_11.png,l,61,11.png
61_13.png,l,61,13.png
61_15.png,l,61,15.png
61_17.png,l,61,17.png
61_19.png,l,61,19.png
61_3.png,l,61,3.png
61_5.png,l,61,5.png
61_7.png,l,61,7.png
61_9.png,l,61,9.png
62_1.png,l,62,1.png
62_11.png,l,62,11.png
62_3.png,l,62,3.png
62_5.png,l,62,5.png
62_7.png,l,62,7.png
62_9.png,l,62,9.png
63_1.png,l,63,1.png
63_11.png,l,63,11.png
63_13.png,l,63,13.png
63_15.png,l,63,15.png
63_17.png,l,63,17.png
63_19.png,l,63,19.png
63_21.png,l,63,21.png
63_3.png,l,63,3.png
63_5.png,l,63,5.png
63_7.png,l,63,7.png
63_9.png,l,63,9.png
64_1.png,l,64,1.png
64_11.png,l,64,11.png
64_13.png,l,64,13.png
64_15.png,l,64,15.png
64_17.png,l,64,17.png
64_19.png,l,64,19.png
64_3.png,l,64,3.png
64_7.png,l,64,7.png
64_9.png,l,64,9.png
65_1.png,l,65,1.png
65_11.png,l,65,11.png
65_13.png,l,65,13.png
65_15.png,l,65,15.png
65_3.png,l,65,3.png
65_5.png,l,65,5.png
65_7.png,l,65,7.png
65_9.png,l,65,9.png
66_1.png,l,66,1.png
66_11.png,l,66,11.png
66_13.png,l,66,13.png
66_15.png,l,66,15.png
66_3.png,l,66,3.png
66_5.png,l,66,5.png
66_7.png,l,66,7.png
66_9.png,l,66,9.png
67_1.png,l,67,1.png
67_11.png,l,67,11.png
67_13.png,l,67,13.png
67_3.png,l,67,3.png
67_5.png,l,67,5.png
67_7.png,l,67,7.png
67_9.png,l,67,9.png
68_1.png,l,68,1.png
68_11.png,l,68,11.png
68_3.png,l,68,3.png
68_5.png,l,68,5.png
68_7.png,l,68,7.png
68_9.png,l,68,9.png
69_1.png,l,69,1.png
69_11.png,l,69,11.png
69_3.png,l,69,3.png
69_5.png,l,69,5.png
69_7.png,l,69,7.png
70_3.png,l,70,3.png
70_7.png,l,70,7.png
71_1.png,l,71,1.png
71_3.png,l,71,3.png
71_5.png,l,71,5.png
72_1.png,l,72,1.png
72_3.png,l,72,3.png
72_5.png,l,72,5.png
74_5.png,l,74,5.png
74_7.png,l,74,7.png
75_1.png,l,75,1.png
75_11.png,l,75,11.png
75_13.png,l,75,13.png
75_15.png,l,75,15.png
75_17.png,l,75,17.png
75_3.png,l,75,3.png
75_5.png,l,75,5.png
75_7.png,l,75,7.png
76_1.png,l,76,1.png
76_11.png,l,76,11.png
76_13.png,l,76,13.png
76_3.png,l,76,3.png
76_5.png,l,76,5.png
76_7.png,l,76,7.png
76_9.png,l,76,9.png
77_1.png,l,77,1.png
77_11.png,l,77,11.png
77_3.png,l,77,3.png
77_5.png,l,77,5.png
77_7.png,l,77,7.png
77_9.png,l,77,9.png
78_1.png,l,78,1.png
78_3.png,l,78,3.png
78_5.png,l,78,5.png
78_7.png,l,78,7.png
78_9.png,l,78,9.png
79_1.png,l,79,1.png
79_11.png,l,79,11.png
79_13.png,l,79,13.png
79_15.png,l,79,15.png
79_17.png,l,79,17.png
79_3.png,l,79,3.png
79_5.png,l,79,5.png
79_9.png,l,79,9.png
7_1.png,l,7,1.png
7_3.png,l,7,3.png
7_5.png,l,7,5.png
7_7.png,l,7,7.png
7_9.png,l,7,9.png
80_1.png,l,80,1.png
80_11.png,l,80,11.png
80_3.png,l,80,3.png
80_5.png,l,80,5.png
80_7.png,l,80,7.png
80_9.png,l,80,9.png
81_1.png,l,81,1.png
81_3.png,l,81,3.png
81_5.png,l,81,5.png
81_7.png,l,81,7.png
82_1.png,l,82,1.png
82_11.png,l,82,11.png
82_13.png,l,82,13.png
82_3.png,l,82,3.png
82_5.png,l,82,5.png
82_7.png,l,82,7.png
82_9.png,l,82,9.png
83_1.png,l,83,1.png
83_11.png,l,83,11.png
83_3.png,l,83,3.png
83_5.png,l,83,5.png
83_7.png,l,83,7.png
83_9.png,l,83,9.png
84_1.png,l,84,1.png
84_11.png,l,84,11.png
84_13.png,l,84,13.png
84_3.png,l,84,3.png
84_5.png,l,84,5.png
84_9.png,l,84,9.png
85_1.png,l,85,1.png
85_11.png,l,85,11.png
85_13.png,l,85,13.png
85_3.png,l,85,3.png
85_5.png,l,85,5.png
85_9.png,l,85,9.png
86_1.png,l,86,1.png
86_11.png,l,86,11.png
86_13.png,l,86,13.png
86_15.png,l,86,15.png
86_3.png,l,86,3.png
86_5.png,l,86,5.png
86_7.png,l,86,7.png
86_9.png,l,86,9.png
87_1.png,l,87,1.png
87_11.png,l,87,11.png
87_13.png,l,87,13.png
87_15.png,l,87,15.png
87_3.png,l,87,3.png
87_5.png,l,87,5.png
87_7.png,l,87,7.png
87_9.png,l,87,9.png
89_11.png,l,89,11.png
89_13.png,l,89,13.png
89_3.png,l,89,3.png
89_5.png,l,89,5.png
89_7.png,l,89,7.png
89_9.png,l,89,9.png
8_1.png,l,8,1.png
8_11.png,l,8,11.png
8_3.png,l,8,3.png
8_5.png,l,8,5.png
8_7.png,l,8,7.png
8_9.png,l,8,9.png
90_1.png,l,90,1.png
90_11.png,l,90,11.png
90_3.png,l,90,3.png
90_5.png,l,90,5.png
90_7.png,l,90,7.png
90_9.png,l,90,9.png
91_1.png,l,91,1.png
91_11.png,l,91,11.png
91_3.png,l,91,3.png
91_5.png,l,91,5.png
91_9.png,l,91,9.png
92_3.png,l,92,3.png
92_5.png,l,92,5.png
92_7.png,l,92,7.png
92_9.png,l,92,9.png
93_1.png,l,93,1.png
93_11.png,l,93,11.png
93_3.png,l,93,3.png
93_5.png,l,93,5.png
93_7.png,l,93,7.png
93_9.png,l,93,9.png
94_1.png,l,94,1.png
94_11.png,l,94,11.png
94_13.png,l,94,13.png
94_3.png,l,94,3.png
94_5.png,l,94,5.png
94_7.png,l,94,7.png
94_9.png,l,94,9.png
95_1.png,l,95,1.png
95_11.png,l,95,11.png
95_3.png,l,95,3.png
95_7.png,l,95,7.png
95_9.png,l,95,9.png
96_1.png,l,96,1.png
96_11.png,l,96,11.png
96_3.png,l,96,3.png
96_5.png,l,96,5.png
96_7.png,l,96,7.png
96_9.png,l,96,9.png
97_1.png,l,97,1.png
97_11.png,l,97,11.png
97_3.png,l,97,3.png
97_5.png,l,97,5.png
97_7.png,l,97,7.png
97_9.png,l,97,9.png
99_1.png,l,99,1.png
99_11.png,l,99,11.png
99_3.png,l,99,3.png
99_5.png,l,99,5.png
99_7.png,l,99,7.png
99_9.png,l,99,9.png
9_1.png,l,9,1.png
9_11.png,l,9,11.png
9_13.png,l,9,13.png
9_3.png,l,9,3.png
9_5.png,l,9,5.png
9_7.png,l,9,7.png
9_9.png,l,9,9.png
