fname,pre,label,tr/ts,cv
0_0.png,0,1,tr,2
0_1.png,0,0,tr,2
0_2.png,0,1,tr,2
0_3.png,0,0,tr,2
0_4.png,0,0,tr,2
0_5.png,0,1,tr,2
0_6.png,0,0,tr,2
100_0.png,100,0,tr,3
100_1.png,100,1,tr,3
100_2.png,100,0,tr,3
100_3.png,100,0,tr,3
100_4.png,100,1,tr,3
101_0.png,101,1,tr,2
101_1.png,101,0,tr,2
101_2.png,101,1,tr,2
101_3.png,101,1,tr,2
101_4.png,101,0,tr,2
101_5.png,101,0,tr,2
101_6.png,101,1,tr,2
101_7.png,101,1,tr,2
102_1.png,102,0,tr,1
102_3.png,102,1,tr,1
102_4.png,102,0,tr,1
103_0.png,103,0,tr,0
103_1.png,103,1,tr,0
103_2.png,103,0,tr,0
103_3.png,103,1,tr,0
103_4.png,103,0,tr,0
103_5.png,103,1,tr,0
104_0.png,104,1,ts,test
104_1.png,104,0,ts,test
104_2.png,104,0,ts,test
104_3.png,104,0,ts,test
104_4.png,104,1,ts,test
104_5.png,104,1,ts,test
104_6.png,104,0,ts,test
105_0.png,105,0,tr,2
105_1.png,105,1,tr,2
105_2.png,105,1,tr,2
105_3.png,105,0,tr,2
105_4.png,105,0,tr,2
105_5.png,105,1,tr,2
105_6.png,105,1,tr,2
105_7.png,105,1,tr,2
105_8.png,105,0,tr,2
106_0.png,106,0,ts,0
106_1.png,106,1,ts,0
106_2.png,106,0,ts,0
106_3.png,106,1,ts,0
106_4.png,106,0,ts,0
106_5.png,106,0,ts,0
107_0.png,107,0,ts,test
107_1.png,107,1,ts,test
107_2.png,107,1,ts,test
107_3.png,107,0,ts,test
107_4.png,107,0,ts,test
107_5.png,107,0,ts,test
107_6.png,107,1,ts,test
107_7.png,107,1,ts,test
107_8.png,107,0,ts,test
108_0.png,108,1,tr,4
108_1.png,108,0,tr,4
108_2.png,108,0,tr,4
108_3.png,108,1,tr,4
108_4.png,108,0,tr,4
108_5.png,108,1,tr,4
108_6.png,108,1,tr,4
108_7.png,108,0,tr,4
109_0.png,109,0,tr,2
109_1.png,109,1,tr,2
109_2.png,109,1,tr,2
109_3.png,109,0,tr,2
109_4.png,109,0,tr,2
109_5.png,109,1,tr,2
109_6.png,109,1,tr,2
110_0.png,110,0,tr,3
110_1.png,110,1,tr,3
110_2.png,110,0,tr,3
110_3.png,110,1,tr,3
110_4.png,110,0,tr,3
110_5.png,110,0,tr,3
111_0.png,111,0,ts,test
111_1.png,111,1,ts,test
111_2.png,111,1,ts,test
111_3.png,111,1,ts,test
111_4.png,111,1,ts,test
111_5.png,111,0,ts,test
112_0.png,112,1,tr,1
112_1.png,112,0,tr,1
112_2.png,112,1,tr,1
112_3.png,112,1,tr,1
112_4.png,112,0,tr,1
112_5.png,112,1,tr,1
112_6.png,112,1,tr,1
112_7.png,112,0,tr,1
113_0.png,113,0,tr,1
113_1.png,113,1,tr,1
113_2.png,113,1,tr,1
113_3.png,113,1,tr,1
113_4.png,113,1,tr,1
113_5.png,113,1,tr,1
113_6.png,113,0,tr,1
114_0.png,114,0,ts,0
114_1.png,114,0,ts,0
114_2.png,114,1,ts,0
114_3.png,114,1,ts,0
114_4.png,114,0,ts,0
114_5.png,114,0,ts,0
114_6.png,114,1,ts,0
115_0.png,115,1,tr,0
115_1.png,115,1,tr,0
115_2.png,115,1,tr,0
115_3.png,115,0,tr,0
115_4.png,115,1,tr,0
115_5.png,115,0,tr,0
115_6.png,115,1,tr,0
115_7.png,115,0,tr,0
116_0.png,116,0,tr,3
116_1.png,116,1,tr,3
116_2.png,116,1,tr,3
116_3.png,116,1,tr,3
116_4.png,116,0,tr,3
116_5.png,116,0,tr,3
117_0.png,117,1,ts,0
117_1.png,117,0,ts,0
117_2.png,117,0,ts,0
117_3.png,117,1,ts,0
117_4.png,117,1,ts,0
117_5.png,117,0,ts,0
117_6.png,117,0,ts,0
117_7.png,117,1,ts,0
118_0.png,118,0,tr,1
118_1.png,118,0,tr,1
118_2.png,118,1,tr,1
118_4.png,118,0,tr,1
118_5.png,118,0,tr,1
118_6.png,118,0,tr,1
118_7.png,118,0,tr,1
119_0.png,119,1,tr,1
119_1.png,119,0,tr,1
119_2.png,119,0,tr,1
119_3.png,119,0,tr,1
119_4.png,119,1,tr,1
119_5.png,119,1,tr,1
11_0.png,11,1,tr,4
11_1.png,11,0,tr,4
11_2.png,11,0,tr,4
11_3.png,11,1,tr,4
11_4.png,11,0,tr,4
11_5.png,11,0,tr,4
11_6.png,11,1,tr,4
120_0.png,120,0,ts,test
120_1.png,120,1,ts,test
120_2.png,120,0,ts,test
120_3.png,120,1,ts,test
120_4.png,120,0,ts,test
120_5.png,120,0,ts,test
120_6.png,120,1,ts,test
121_0.png,121,0,tr,2
121_1.png,121,1,tr,2
121_2.png,121,1,tr,2
121_3.png,121,0,tr,2
121_4.png,121,0,tr,2
121_5.png,121,1,tr,2
121_6.png,121,0,tr,2
121_7.png,121,0,tr,2
121_8.png,121,1,tr,2
122_0.png,122,0,tr,1
122_1.png,122,1,tr,1
122_2.png,122,1,tr,1
122_3.png,122,0,tr,1
122_4.png,122,0,tr,1
122_5.png,122,0,tr,1
122_6.png,122,0,tr,1
122_7.png,122,1,tr,1
123_0.png,123,1,tr,4
123_1.png,123,0,tr,4
123_2.png,123,1,tr,4
123_3.png,123,0,tr,4
123_4.png,123,0,tr,4
123_5.png,123,1,tr,4
123_6.png,123,1,tr,4
123_7.png,123,0,tr,4
124_0.png,124,0,tr,0
124_1.png,124,1,tr,0
124_2.png,124,1,tr,0
124_3.png,124,0,tr,0
124_4.png,124,0,tr,0
124_5.png,124,1,tr,0
125_0.png,125,1,tr,1
125_1.png,125,1,tr,1
125_2.png,125,0,tr,1
125_3.png,125,0,tr,1
126_0.png,126,0,tr,3
126_1.png,126,0,tr,3
126_2.png,126,1,tr,3
126_3.png,126,0,tr,3
126_4.png,126,0,tr,3
126_5.png,126,1,tr,3
127_0.png,127,0,tr,4
127_1.png,127,1,tr,4
127_2.png,127,0,tr,4
127_3.png,127,1,tr,4
127_4.png,127,0,tr,4
128_0.png,128,1,tr,1
128_1.png,128,1,tr,1
128_2.png,128,1,tr,1
128_3.png,128,1,tr,1
128_4.png,128,0,tr,1
128_5.png,128,1,tr,1
128_6.png,128,0,tr,1
129_0.png,129,0,tr,3
129_1.png,129,1,tr,3
129_2.png,129,1,tr,3
129_3.png,129,1,tr,3
129_4.png,129,0,tr,3
129_5.png,129,1,tr,3
129_6.png,129,1,tr,3
129_8.png,129,0,tr,3
129_9.png,129,1,tr,3
12_0.png,12,0,tr,3
12_1.png,12,1,tr,3
12_2.png,12,1,tr,3
12_3.png,12,0,tr,3
130_0.png,130,0,ts,0
130_1.png,130,1,ts,0
130_2.png,130,0,ts,0
130_3.png,130,1,ts,0
130_4.png,130,1,ts,0
130_5.png,130,0,ts,0
130_6.png,130,0,ts,0
130_7.png,130,1,ts,0
130_8.png,130,0,ts,0
131_0.png,131,1,tr,3
131_1.png,131,0,tr,3
131_2.png,131,0,tr,3
131_3.png,131,0,tr,3
131_4.png,131,1,tr,3
131_5.png,131,1,tr,3
131_6.png,131,0,tr,3
131_7.png,131,0,tr,3
131_8.png,131,1,tr,3
132_0.png,132,1,tr,3
132_1.png,132,0,tr,3
132_2.png,132,0,tr,3
132_3.png,132,0,tr,3
132_4.png,132,1,tr,3
132_5.png,132,0,tr,3
132_6.png,132,1,tr,3
132_7.png,132,0,tr,3
133_0.png,133,0,tr,4
133_1.png,133,1,tr,4
133_2.png,133,1,tr,4
133_3.png,133,1,tr,4
133_4.png,133,0,tr,4
133_5.png,133,1,tr,4
133_6.png,133,0,tr,4
133_7.png,133,0,tr,4
133_8.png,133,1,tr,4
134_0.png,134,1,ts,test
134_1.png,134,0,ts,test
134_2.png,134,0,ts,test
134_3.png,134,0,ts,test
134_4.png,134,1,ts,test
135_0.png,135,1,tr,3
135_1.png,135,1,tr,3
135_2.png,135,1,tr,3
135_3.png,135,0,tr,3
135_4.png,135,0,tr,3
135_5.png,135,1,tr,3
136_0.png,136,1,tr,4
136_1.png,136,0,tr,4
136_2.png,136,0,tr,4
136_3.png,136,1,tr,4
136_4.png,136,1,tr,4
136_5.png,136,0,tr,4
137_0.png,137,1,tr,1
137_1.png,137,0,tr,1
137_2.png,137,0,tr,1
137_3.png,137,1,tr,1
137_4.png,137,0,tr,1
137_5.png,137,1,tr,1
137_6.png,137,1,tr,1
138_0.png,138,0,tr,1
138_1.png,138,1,tr,1
138_2.png,138,1,tr,1
138_3.png,138,0,tr,1
138_4.png,138,1,tr,1
138_5.png,138,0,tr,1
138_6.png,138,0,tr,1
138_7.png,138,1,tr,1
139_0.png,139,1,tr,3
139_1.png,139,0,tr,3
139_2.png,139,1,tr,3
139_3.png,139,1,tr,3
139_4.png,139,0,tr,3
140_0.png,140,1,tr,2
140_1.png,140,1,tr,2
140_2.png,140,0,tr,2
140_3.png,140,0,tr,2
140_4.png,140,0,tr,2
140_5.png,140,0,tr,2
140_6.png,140,1,tr,2
141_0.png,141,0,ts,test
141_1.png,141,1,ts,test
141_2.png,141,1,ts,test
141_3.png,141,0,ts,test
141_4.png,141,0,ts,test
141_5.png,141,1,ts,test
141_6.png,141,1,ts,test
142_0.png,142,1,ts,0
142_1.png,142,0,ts,0
142_10.png,142,0,ts,0
142_2.png,142,0,ts,0
142_3.png,142,1,ts,0
142_4.png,142,1,ts,0
142_5.png,142,0,ts,0
142_6.png,142,0,ts,0
142_7.png,142,1,ts,0
142_8.png,142,1,ts,0
142_9.png,142,1,ts,0
143_0.png,143,0,tr,1
143_1.png,143,0,tr,1
143_10.png,143,0,tr,1
143_11.png,143,1,tr,1
143_12.png,143,1,tr,1
143_2.png,143,1,tr,1
143_3.png,143,1,tr,1
143_4.png,143,0,tr,1
143_5.png,143,1,tr,1
143_6.png,143,0,tr,1
143_7.png,143,1,tr,1
143_8.png,143,1,tr,1
143_9.png,143,0,tr,1
144_0.png,144,0,tr,4
144_1.png,144,1,tr,4
144_2.png,144,1,tr,4
144_3.png,144,0,tr,4
144_4.png,144,0,tr,4
144_5.png,144,0,tr,4
144_6.png,144,1,tr,4
145_0.png,145,0,tr,2
145_1.png,145,1,tr,2
145_2.png,145,0,tr,2
145_3.png,145,1,tr,2
145_4.png,145,0,tr,2
145_5.png,145,1,tr,2
146_0.png,146,1,tr,2
146_1.png,146,0,tr,2
146_2.png,146,1,tr,2
146_3.png,146,1,tr,2
146_4.png,146,1,tr,2
146_5.png,146,0,tr,2
146_6.png,146,0,tr,2
147_1.png,147,1,tr,1
147_2.png,147,0,tr,1
147_3.png,147,1,tr,1
147_4.png,147,1,tr,1
147_5.png,147,0,tr,1
147_6.png,147,1,tr,1
148-1_0.png,148-1,1,tr,1
148-1_1.png,148-1,0,tr,1
148-1_2.png,148-1,1,tr,1
148-1_3.png,148-1,1,tr,1
148-1_4.png,148-1,1,tr,1
148-1_5.png,148-1,0,tr,1
148-1_6.png,148-1,1,tr,1
148-1_7.png,148-1,0,tr,1
149_0.png,149,1,tr,0
149_1.png,149,0,tr,0
149_10.png,149,0,tr,0
149_2.png,149,0,tr,0
149_3.png,149,1,tr,0
149_4.png,149,1,tr,0
149_5.png,149,0,tr,0
149_6.png,149,0,tr,0
149_7.png,149,1,tr,0
149_8.png,149,1,tr,0
149_9.png,149,0,tr,0
150_0.png,150,1,tr,3
150_1.png,150,0,tr,3
150_2.png,150,0,tr,3
150_3.png,150,0,tr,3
150_4.png,150,1,tr,3
150_5.png,150,1,tr,3
150_6.png,150,1,tr,3
150_7.png,150,0,tr,3
151_0.png,151,0,tr,1
151_1.png,151,0,tr,1
151_2.png,151,1,tr,1
151_3.png,151,0,tr,1
151_4.png,151,1,tr,1
151_5.png,151,1,tr,1
151_6.png,151,0,tr,1
152_0.png,152,0,ts,test
152_1.png,152,0,ts,test
152_2.png,152,1,ts,test
152_3.png,152,1,ts,test
152_4.png,152,0,ts,test
152_5.png,152,1,ts,test
152_6.png,152,1,ts,test
152_7.png,152,0,ts,test
153_0.png,153,0,tr,1
153_1.png,153,1,tr,1
153_2.png,153,0,tr,1
153_3.png,153,1,tr,1
153_4.png,153,0,tr,1
153_5.png,153,1,tr,1
153_6.png,153,0,tr,1
153_7.png,153,0,tr,1
153_8.png,153,0,tr,1
153_9.png,153,1,tr,1
154_0.png,154,0,tr,3
154_1.png,154,1,tr,3
154_2.png,154,1,tr,3
154_3.png,154,0,tr,3
154_4.png,154,0,tr,3
154_5.png,154,1,tr,3
154_6.png,154,1,tr,3
154_7.png,154,0,tr,3
154_8.png,154,1,tr,3
154_9.png,154,0,tr,3
155_0.png,155,1,tr,4
155_1.png,155,0,tr,4
155_2.png,155,0,tr,4
155_3.png,155,1,tr,4
155_4.png,155,1,tr,4
155_5.png,155,0,tr,4
155_6.png,155,1,tr,4
155_7.png,155,0,tr,4
156_0.png,156,1,tr,2
156_1.png,156,1,tr,2
156_3.png,156,0,tr,2
157_0.png,157,0,tr,1
157_1.png,157,1,tr,1
157_2.png,157,0,tr,1
157_3.png,157,1,tr,1
158_0.png,158,1,tr,0
158_1.png,158,0,tr,0
158_10.png,158,0,tr,0
158_11.png,158,0,tr,0
158_12.png,158,1,tr,0
158_13.png,158,1,tr,0
158_14.png,158,0,tr,0
158_15.png,158,1,tr,0
158_16.png,158,1,tr,0
158_2.png,158,1,tr,0
158_3.png,158,1,tr,0
158_4.png,158,0,tr,0
158_6.png,158,0,tr,0
158_7.png,158,1,tr,0
158_8.png,158,1,tr,0
158_9.png,158,0,tr,0
159_0.png,159,0,tr,1
159_1.png,159,1,tr,1
159_10.png,159,0,tr,1
159_11.png,159,0,tr,1
159_12.png,159,0,tr,1
159_2.png,159,1,tr,1
159_3.png,159,0,tr,1
159_4.png,159,1,tr,1
159_5.png,159,0,tr,1
159_6.png,159,0,tr,1
159_7.png,159,1,tr,1
159_8.png,159,0,tr,1
160_0.png,160,1,ts,0
160_1.png,160,0,ts,0
160_3.png,160,1,ts,0
160_4.png,160,0,ts,0
160_5.png,160,0,ts,0
160_6.png,160,1,ts,0
160_7.png,160,0,ts,0
161_0.png,161,1,ts,test
161_1.png,161,0,ts,test
161_2.png,161,0,ts,test
161_3.png,161,1,ts,test
161_4.png,161,1,ts,test
161_5.png,161,0,ts,test
161_6.png,161,0,ts,test
161_7.png,161,1,ts,test
161_8.png,161,1,ts,test
161_9.png,161,0,ts,test
163-2_0.png,163-2,1,tr,3
163-2_1.png,163-2,0,tr,3
163-2_2.png,163-2,1,tr,3
163-2_3.png,163-2,1,tr,3
163_0.png,163,0,tr,0
163_1.png,163,1,tr,0
163_2.png,163,1,tr,0
163_3.png,163,0,tr,0
163_4.png,163,1,tr,0
164_0.png,164,0,tr,4
164_1.png,164,1,tr,4
164_2.png,164,1,tr,4
164_3.png,164,0,tr,4
165_0.png,165,0,tr,2
165_1.png,165,1,tr,2
165_2.png,165,1,tr,2
16_1.png,16,0,tr,2
16_2.png,16,1,tr,2
16_3.png,16,1,tr,2
16_4.png,16,0,tr,2
16_5.png,16,1,tr,2
170_0.png,170,1,tr,4
170_1.png,170,0,tr,4
170_2.png,170,1,tr,4
172_0.png,172,0,ts,test
172_1.png,172,1,ts,test
172_2.png,172,1,ts,test
172_3.png,172,0,ts,test
178_0.png,178,0,tr,4
178_1.png,178,1,tr,4
178_2.png,178,0,tr,4
178_3.png,178,1,tr,4
17_0.png,17,1,tr,0
17_1.png,17,1,tr,0
17_2.png,17,0,tr,0
180_0.png,180,1,ts,test
180_1.png,180,1,ts,test
180_2.png,180,0,ts,test
180_3.png,180,1,ts,test
180_4.png,180,0,ts,test
180_5.png,180,0,ts,test
181_0.png,181,0,tr,0
181_1.png,181,1,tr,0
181_2.png,181,0,tr,0
181_3.png,181,0,tr,0
181_4.png,181,1,tr,0
182_0.png,182,0,ts,test
182_2.png,182,0,ts,test
185_0.png,185,0,tr,4
185_1.png,185,1,tr,4
185_2.png,185,0,tr,4
185_3.png,185,1,tr,4
185_4.png,185,1,tr,4
185_5.png,185,1,tr,4
186_0.png,186,0,tr,2
186_1.png,186,0,tr,2
186_2.png,186,0,tr,2
186_3.png,186,1,tr,2
186_4.png,186,1,tr,2
186_5.png,186,0,tr,2
186_6.png,186,0,tr,2
187_0.png,187,1,tr,4
187_1.png,187,0,tr,4
187_2.png,187,1,tr,4
187_4.png,187,1,tr,4
187_5.png,187,1,tr,4
187_6.png,187,0,tr,4
187_8.png,187,1,tr,4
187_9.png,187,0,tr,4
188_0.png,188,1,tr,1
188_1.png,188,0,tr,1
188_2.png,188,1,tr,1
188_3.png,188,0,tr,1
188_4.png,188,1,tr,1
188_5.png,188,1,tr,1
189_0.png,189,0,tr,4
189_1.png,189,1,tr,4
189_3.png,189,0,tr,4
189_4.png,189,1,tr,4
189_5.png,189,1,tr,4
189_6.png,189,0,tr,4
189_7.png,189,1,tr,4
18_0.png,18,0,tr,4
18_1.png,18,1,tr,4
18_2.png,18,1,tr,4
18_3.png,18,0,tr,4
18_4.png,18,0,tr,4
18_5.png,18,1,tr,4
190_0.png,190,0,ts,test
190_1.png,190,1,ts,test
190_2.png,190,1,ts,test
190_3.png,190,0,ts,test
190_4.png,190,1,ts,test
191_0.png,191,1,tr,2
191_1.png,191,1,tr,2
191_2.png,191,0,tr,2
191_3.png,191,1,tr,2
191_4.png,191,0,tr,2
191_5.png,191,0,tr,2
192_0.png,192,0,tr,2
192_1.png,192,1,tr,2
192_2.png,192,0,tr,2
192_3.png,192,0,tr,2
192_4.png,192,0,tr,2
192_5.png,192,1,tr,2
192_6.png,192,1,tr,2
192_7.png,192,0,tr,2
193_0.png,193,0,tr,1
193_2.png,193,0,tr,1
193_3.png,193,0,tr,1
193_4.png,193,0,tr,1
193_5.png,193,1,tr,1
194_0.png,194,1,tr,4
194_1.png,194,1,tr,4
194_2.png,194,0,tr,4
194_3.png,194,1,tr,4
194_4.png,194,1,tr,4
194_5.png,194,0,tr,4
194_6.png,194,1,tr,4
194_7.png,194,0,tr,4
195-2_0.png,195-2,1,tr,4
195-2_1.png,195-2,0,tr,4
195-2_2.png,195-2,1,tr,4
195_0.png,195,0,ts,test
195_1.png,195,1,ts,test
195_2.png,195,1,ts,test
195_3.png,195,0,ts,test
195_4.png,195,1,ts,test
195_5.png,195,0,ts,test
196_0.png,196,0,tr,0
196_1.png,196,1,tr,0
196_2.png,196,1,tr,0
196_3.png,196,0,tr,0
196_4.png,196,1,tr,0
196_5.png,196,1,tr,0
197_0.png,197,0,tr,3
197_1.png,197,1,tr,3
197_2.png,197,0,tr,3
197_3.png,197,1,tr,3
197_4.png,197,0,tr,3
197_5.png,197,1,tr,3
198_0.png,198,1,ts,test
198_1.png,198,1,ts,test
198_2.png,198,0,ts,test
198_4.png,198,1,ts,test
198_5.png,198,0,ts,test
199_0.png,199,0,tr,2
199_1.png,199,0,tr,2
199_2.png,199,1,tr,2
199_3.png,199,1,tr,2
199_4.png,199,0,tr,2
199_5.png,199,0,tr,2
199_6.png,199,1,tr,2
199_7.png,199,1,tr,2
19_0.png,19,0,tr,2
19_1.png,19,1,tr,2
19_2.png,19,1,tr,2
19_3.png,19,0,tr,2
19_4.png,19,0,tr,2
19_5.png,19,1,tr,2
1_0.png,1,1,tr,2
1_1.png,1,0,tr,2
1_2.png,1,0,tr,2
1_3.png,1,0,tr,2
1_4.png,1,1,tr,2
1_5.png,1,0,tr,2
1_6.png,1,0,tr,2
1_7.png,1,1,tr,2
200_0.png,200,0,ts,0
200_1.png,200,0,ts,0
200_2.png,200,0,ts,0
200_3.png,200,1,ts,0
200_4.png,200,0,ts,0
200_5.png,200,1,ts,0
202_0.png,202,1,ts,test
202_1.png,202,1,ts,test
202_2.png,202,0,ts,test
202_3.png,202,1,ts,test
202_4.png,202,0,ts,test
204_0.png,204,1,tr,2
204_1.png,204,0,tr,2
204_2.png,204,0,tr,2
204_3.png,204,1,tr,2
204_4.png,204,1,tr,2
204_5.png,204,0,tr,2
204_6.png,204,1,tr,2
205_0.png,205,0,tr,4
205_1.png,205,1,tr,4
205_2.png,205,1,tr,4
205_3.png,205,0,tr,4
205_4.png,205,0,tr,4
206_0.png,206,0,tr,2
206_1.png,206,1,tr,2
206_2.png,206,1,tr,2
206_3.png,206,0,tr,2
206_4.png,206,0,tr,2
206_5.png,206,1,tr,2
206_6.png,206,0,tr,2
207_0.png,207,0,ts,test
207_1.png,207,0,ts,test
207_2.png,207,1,ts,test
207_3.png,207,1,ts,test
207_4.png,207,0,ts,test
207_5.png,207,0,ts,test
207_6.png,207,1,ts,test
207_7.png,207,0,ts,test
208_0.png,208,0,tr,3
208_1.png,208,1,tr,3
208_2.png,208,1,tr,3
208_3.png,208,0,tr,3
208_4.png,208,0,tr,3
208_5.png,208,1,tr,3
209_0.png,209,1,tr,4
209_1.png,209,0,tr,4
209_2.png,209,0,tr,4
209_3.png,209,1,tr,4
209_4.png,209,1,tr,4
209_5.png,209,0,tr,4
209_6.png,209,0,tr,4
209_7.png,209,1,tr,4
20_0.png,20,1,ts,0
20_1.png,20,0,ts,0
20_2.png,20,1,ts,0
20_3.png,20,1,ts,0
20_4.png,20,0,ts,0
210_0.png,210,1,tr,3
210_1.png,210,0,tr,3
210_2.png,210,0,tr,3
210_3.png,210,1,tr,3
210_4.png,210,1,tr,3
210_5.png,210,0,tr,3
210_6.png,210,1,tr,3
212_0.png,212,0,ts,0
212_1.png,212,0,ts,0
212_2.png,212,0,ts,0
212_3.png,212,1,ts,0
212_4.png,212,0,ts,0
212_5.png,212,1,ts,0
213_0.png,213,1,tr,0
213_1.png,213,1,tr,0
213_2.png,213,1,tr,0
213_3.png,213,0,tr,0
213_4.png,213,0,tr,0
213_5.png,213,1,tr,0
213_6.png,213,1,tr,0
213_7.png,213,0,tr,0
214_0.png,214,1,ts,test
214_1.png,214,1,ts,test
214_2.png,214,0,ts,test
214_3.png,214,1,ts,test
214_4.png,214,0,ts,test
215_0.png,215,0,ts,test
215_1.png,215,1,ts,test
215_2.png,215,1,ts,test
215_4.png,215,1,ts,test
215_5.png,215,1,ts,test
215_6.png,215,0,ts,test
215_7.png,215,1,ts,test
216_0.png,216,0,ts,0
216_1.png,216,1,ts,0
216_2.png,216,1,ts,0
216_3.png,216,0,ts,0
216_4.png,216,0,ts,0
216_5.png,216,1,ts,0
216_6.png,216,0,ts,0
216_7.png,216,1,ts,0
217_0.png,217,1,ts,test
217_1.png,217,0,ts,test
217_2.png,217,1,ts,test
217_3.png,217,1,ts,test
217_4.png,217,0,ts,test
218_0.png,218,1,tr,2
218_1.png,218,0,tr,2
218_2.png,218,1,tr,2
218_3.png,218,1,tr,2
218_4.png,218,0,tr,2
218_5.png,218,0,tr,2
218_6.png,218,1,tr,2
218_7.png,218,1,tr,2
219_0.png,219,1,tr,2
219_1.png,219,0,tr,2
219_2.png,219,0,tr,2
219_3.png,219,1,tr,2
219_4.png,219,0,tr,2
219_5.png,219,1,tr,2
219_6.png,219,1,tr,2
219_7.png,219,0,tr,2
21_0.png,21,0,tr,3
21_1.png,21,1,tr,3
21_2.png,21,1,tr,3
21_3.png,21,0,tr,3
21_4.png,21,1,tr,3
21_5.png,21,0,tr,3
21_6.png,21,1,tr,3
220_0.png,220,0,tr,4
220_1.png,220,0,tr,4
220_2.png,220,1,tr,4
220_3.png,220,1,tr,4
220_4.png,220,1,tr,4
220_5.png,220,0,tr,4
220_6.png,220,1,tr,4
220_7.png,220,1,tr,4
222_0.png,222,1,ts,0
222_1.png,222,0,ts,0
222_2.png,222,1,ts,0
222_3.png,222,0,ts,0
222_4.png,222,1,ts,0
222_5.png,222,0,ts,0
222_6.png,222,0,ts,0
222_7.png,222,1,ts,0
223_0.png,223,0,tr,4
223_1.png,223,0,tr,4
223_2.png,223,1,tr,4
223_3.png,223,0,tr,4
223_4.png,223,0,tr,4
223_5.png,223,1,tr,4
224_0.png,224,1,ts,test
224_1.png,224,0,ts,test
224_2.png,224,0,ts,test
224_3.png,224,1,ts,test
224_4.png,224,1,ts,test
224_5.png,224,0,ts,test
225_0.png,225,1,tr,3
225_1.png,225,0,tr,3
225_2.png,225,0,tr,3
225_3.png,225,1,tr,3
225_4.png,225,0,tr,3
225_5.png,225,1,tr,3
225_6.png,225,1,tr,3
225_7.png,225,0,tr,3
226_0.png,226,1,tr,3
226_1.png,226,1,tr,3
226_2.png,226,0,tr,3
226_3.png,226,0,tr,3
226_4.png,226,1,tr,3
227_0.png,227,1,tr,2
227_1.png,227,0,tr,2
227_2.png,227,1,tr,2
227_4.png,227,1,tr,2
227_5.png,227,1,tr,2
227_6.png,227,0,tr,2
227_7.png,227,1,tr,2
227_8.png,227,0,tr,2
228_0.png,228,0,ts,test
228_1.png,228,1,ts,test
228_3.png,228,1,ts,test
228_4.png,228,1,ts,test
228_5.png,228,0,ts,test
228_6.png,228,1,ts,test
229_0.png,229,0,tr,1
229_1.png,229,0,tr,1
229_2.png,229,1,tr,1
229_3.png,229,0,tr,1
229_4.png,229,0,tr,1
229_5.png,229,0,tr,1
22_0.png,22,1,tr,1
22_1.png,22,0,tr,1
22_3.png,22,0,tr,1
22_4.png,22,1,tr,1
22_5.png,22,1,tr,1
22_6.png,22,1,tr,1
22_7.png,22,0,tr,1
230_0.png,230,0,ts,test
230_1.png,230,1,ts,test
230_2.png,230,1,ts,test
230_3.png,230,0,ts,test
230_4.png,230,0,ts,test
230_5.png,230,1,ts,test
231_0.png,231,0,tr,1
231_1.png,231,1,tr,1
231_2.png,231,1,tr,1
231_3.png,231,0,tr,1
231_4.png,231,0,tr,1
232_0.png,232,1,tr,3
232_1.png,232,0,tr,3
232_2.png,232,1,tr,3
232_3.png,232,0,tr,3
232_4.png,232,0,tr,3
232_5.png,232,0,tr,3
233_0.png,233,1,tr,3
233_1.png,233,0,tr,3
233_2.png,233,0,tr,3
233_3.png,233,1,tr,3
233_4.png,233,1,tr,3
234_0.png,234,1,tr,0
234_1.png,234,1,tr,0
234_2.png,234,0,tr,0
234_3.png,234,1,tr,0
234_4.png,234,1,tr,0
234_5.png,234,0,tr,0
234_6.png,234,1,tr,0
234_7.png,234,0,tr,0
235_0.png,235,0,tr,1
235_1.png,235,1,tr,1
235_2.png,235,0,tr,1
235_3.png,235,1,tr,1
236_0.png,236,0,tr,2
236_1.png,236,1,tr,2
236_2.png,236,1,tr,2
236_3.png,236,0,tr,2
236_4.png,236,0,tr,2
237_0.png,237,1,tr,3
237_1.png,237,0,tr,3
237_2.png,237,1,tr,3
237_3.png,237,0,tr,3
237_4.png,237,0,tr,3
237_5.png,237,1,tr,3
237_6.png,237,0,tr,3
238_0.png,238,1,tr,3
238_1.png,238,0,tr,3
238_2.png,238,1,tr,3
238_3.png,238,1,tr,3
238_4.png,238,0,tr,3
239_0.png,239,0,ts,test
239_1.png,239,1,ts,test
239_2.png,239,1,ts,test
239_3.png,239,1,ts,test
239_4.png,239,0,ts,test
239_5.png,239,1,ts,test
239_6.png,239,1,ts,test
239_7.png,239,0,ts,test
23_0.png,23,1,tr,1
23_1.png,23,1,tr,1
23_2.png,23,1,tr,1
23_3.png,23,1,tr,1
23_4.png,23,0,tr,1
23_5.png,23,0,tr,1
240_0.png,240,1,tr,1
240_1.png,240,0,tr,1
240_2.png,240,0,tr,1
240_3.png,240,0,tr,1
240_4.png,240,0,tr,1
240_5.png,240,1,tr,1
241_0.png,241,1,tr,2
241_1.png,241,0,tr,2
241_2.png,241,1,tr,2
241_3.png,241,0,tr,2
241_4.png,241,0,tr,2
241_5.png,241,0,tr,2
241_6.png,241,1,tr,2
241_7.png,241,0,tr,2
242_0.png,242,1,tr,1
242_1.png,242,0,tr,1
242_2.png,242,1,tr,1
242_3.png,242,1,tr,1
242_4.png,242,0,tr,1
242_5.png,242,0,tr,1
242_6.png,242,1,tr,1
242_7.png,242,1,tr,1
243-1_0.png,243-1,0,ts,0
243-1_1.png,243-1,0,ts,0
243-1_2.png,243-1,1,ts,0
243-1_3.png,243-1,1,ts,0
243-1_4.png,243-1,0,ts,0
243-1_5.png,243-1,0,ts,0
243-1_6.png,243-1,1,ts,0
243-1_7.png,243-1,1,ts,0
244-1_0.png,244-1,1,tr,4
244-1_1.png,244-1,0,tr,4
244-1_2.png,244-1,0,tr,4
244-1_3.png,244-1,1,tr,4
244-1_4.png,244-1,0,tr,4
245_0.png,245,0,tr,2
245_1.png,245,1,tr,2
245_2.png,245,1,tr,2
245_3.png,245,0,tr,2
245_4.png,245,0,tr,2
245_5.png,245,0,tr,2
245_6.png,245,1,tr,2
246-1_0.png,246-1,1,tr,3
246-1_1.png,246-1,0,tr,3
246-1_2.png,246-1,0,tr,3
246-1_3.png,246-1,0,tr,3
246-1_4.png,246-1,1,tr,3
246-1_5.png,246-1,1,tr,3
247_0.png,247,0,tr,2
247_1.png,247,1,tr,2
247_2.png,247,0,tr,2
247_3.png,247,1,tr,2
247_4.png,247,0,tr,2
247_5.png,247,0,tr,2
247_6.png,247,1,tr,2
248_0.png,248,1,ts,test
248_1.png,248,0,ts,test
248_2.png,248,0,ts,test
248_3.png,248,1,ts,test
248_4.png,248,0,ts,test
248_5.png,248,1,ts,test
249_0.png,249,0,ts,test
249_1.png,249,1,ts,test
249_2.png,249,0,ts,test
249_3.png,249,0,ts,test
249_4.png,249,0,ts,test
249_5.png,249,1,ts,test
249_6.png,249,0,ts,test
249_7.png,249,0,ts,test
249_8.png,249,1,ts,test
24_0.png,24,0,tr,2
24_1.png,24,1,tr,2
24_2.png,24,1,tr,2
24_3.png,24,0,tr,2
250_0.png,250,0,tr,4
250_1.png,250,1,tr,4
250_2.png,250,1,tr,4
250_3.png,250,0,tr,4
250_4.png,250,0,tr,4
250_5.png,250,1,tr,4
250_6.png,250,1,tr,4
250_7.png,250,0,tr,4
250_8.png,250,0,tr,4
250_9.png,250,1,tr,4
251_0.png,251,0,tr,4
251_1.png,251,1,tr,4
251_2.png,251,1,tr,4
251_3.png,251,0,tr,4
251_4.png,251,1,tr,4
251_5.png,251,1,tr,4
251_6.png,251,0,tr,4
252_0.png,252,0,ts,test
252_1.png,252,1,ts,test
252_2.png,252,1,ts,test
252_3.png,252,0,ts,test
252_4.png,252,0,ts,test
252_5.png,252,1,ts,test
252_6.png,252,1,ts,test
252_7.png,252,0,ts,test
252_8.png,252,0,ts,test
253_0.png,253,0,tr,2
253_1.png,253,1,tr,2
253_2.png,253,0,tr,2
253_3.png,253,0,tr,2
253_4.png,253,1,tr,2
254_0.png,254,0,tr,3
254_1.png,254,1,tr,3
254_2.png,254,0,tr,3
254_3.png,254,1,tr,3
254_4.png,254,1,tr,3
254_5.png,254,0,tr,3
255_0.png,255,1,ts,test
255_1.png,255,0,ts,test
255_2.png,255,1,ts,test
255_3.png,255,0,ts,test
255_4.png,255,0,ts,test
255_5.png,255,1,ts,test
255_6.png,255,1,ts,test
256_0.png,256,1,ts,0
256_1.png,256,0,ts,0
256_2.png,256,0,ts,0
256_3.png,256,1,ts,0
256_4.png,256,0,ts,0
256_5.png,256,0,ts,0
256_6.png,256,1,ts,0
257_0.png,257,1,ts,0
257_1.png,257,0,ts,0
257_2.png,257,1,ts,0
257_3.png,257,1,ts,0
257_4.png,257,0,ts,0
257_5.png,257,0,ts,0
257_6.png,257,1,ts,0
258_0.png,258,0,tr,0
258_1.png,258,1,tr,0
258_2.png,258,0,tr,0
258_3.png,258,0,tr,0
258_4.png,258,1,tr,0
258_5.png,258,1,tr,0
259_0.png,259,0,ts,test
259_1.png,259,0,ts,test
259_2.png,259,0,ts,test
259_3.png,259,1,ts,test
25_0.png,25,0,ts,test
25_1.png,25,0,ts,test
25_2.png,25,1,ts,test
25_3.png,25,1,ts,test
25_4.png,25,1,ts,test
25_5.png,25,0,ts,test
25_6.png,25,0,ts,test
260_0.png,260,0,ts,0
260_1.png,260,1,ts,0
260_2.png,260,0,ts,0
260_3.png,260,1,ts,0
260_4.png,260,1,ts,0
260_5.png,260,0,ts,0
260_6.png,260,1,ts,0
260_7.png,260,0,ts,0
261_0.png,261,0,tr,1
261_1.png,261,1,tr,1
261_2.png,261,1,tr,1
261_3.png,261,0,tr,1
261_4.png,261,0,tr,1
261_5.png,261,1,tr,1
262_0.png,262,0,tr,2
262_1.png,262,1,tr,2
262_2.png,262,0,tr,2
262_3.png,262,1,tr,2
262_4.png,262,1,tr,2
262_5.png,262,0,tr,2
263_0.png,263,0,tr,1
263_1.png,263,1,tr,1
263_2.png,263,1,tr,1
263_3.png,263,1,tr,1
263_4.png,263,0,tr,1
263_5.png,263,1,tr,1
264_1.png,264,0,tr,0
264_2.png,264,0,tr,0
264_3.png,264,1,tr,0
264_4.png,264,1,tr,0
264_5.png,264,1,tr,0
264_6.png,264,0,tr,0
265_0.png,265,0,tr,3
265_2.png,265,1,tr,3
265_3.png,265,1,tr,3
265_4.png,265,1,tr,3
265_5.png,265,1,tr,3
265_6.png,265,0,tr,3
26_0.png,26,1,tr,3
26_1.png,26,0,tr,3
26_2.png,26,0,tr,3
26_3.png,26,0,tr,3
26_4.png,26,1,tr,3
26_5.png,26,0,tr,3
26_6.png,26,0,tr,3
26_7.png,26,1,tr,3
27_0.png,27,0,tr,4
27_1.png,27,1,tr,4
27_2.png,27,0,tr,4
27_3.png,27,1,tr,4
27_4.png,27,1,tr,4
27_5.png,27,0,tr,4
27_6.png,27,0,tr,4
28_0.png,28,1,ts,test
28_1.png,28,0,ts,test
28_2.png,28,1,ts,test
28_3.png,28,0,ts,test
28_4.png,28,1,ts,test
28_5.png,28,0,ts,test
29_0.png,29,0,tr,3
29_1.png,29,1,tr,3
29_2.png,29,1,tr,3
29_3.png,29,0,tr,3
29_4.png,29,0,tr,3
29_5.png,29,1,tr,3
29_6.png,29,1,tr,3
29_7.png,29,0,tr,3
29_8.png,29,0,tr,3
29_9.png,29,1,tr,3
2_0.png,2,1,ts,0
2_1.png,2,1,ts,0
2_2.png,2,0,ts,0
2_3.png,2,0,ts,0
2_4.png,2,1,ts,0
31_0.png,31,1,tr,1
31_1.png,31,0,tr,1
31_2.png,31,0,tr,1
31_3.png,31,1,tr,1
31_4.png,31,1,tr,1
31_5.png,31,1,tr,1
31_6.png,31,1,tr,1
31_7.png,31,0,tr,1
32_0.png,32,1,ts,test
32_1.png,32,1,ts,test
32_2.png,32,0,ts,test
32_3.png,32,0,ts,test
32_4.png,32,1,ts,test
32_5.png,32,1,ts,test
32_6.png,32,0,ts,test
33_0.png,33,0,tr,1
33_1.png,33,1,tr,1
33_3.png,33,0,tr,1
33_4.png,33,0,tr,1
34-2_0.png,34-2,0,tr,4
34-2_2.png,34-2,0,tr,4
34-2_3.png,34-2,1,tr,4
34-2_4.png,34-2,0,tr,4
34-2_5.png,34-2,1,tr,4
35_0.png,35,1,tr,2
35_1.png,35,0,tr,2
35_2.png,35,0,tr,2
35_3.png,35,1,tr,2
35_4.png,35,1,tr,2
36_0.png,36,1,tr,4
36_1.png,36,0,tr,4
36_2.png,36,1,tr,4
36_3.png,36,1,tr,4
36_4.png,36,0,tr,4
36_5.png,36,0,tr,4
37_0.png,37,0,tr,4
37_1.png,37,1,tr,4
37_2.png,37,0,tr,4
37_3.png,37,0,tr,4
37_4.png,37,1,tr,4
38_0.png,38,1,tr,0
38_1.png,38,0,tr,0
38_2.png,38,0,tr,0
38_3.png,38,1,tr,0
38_4.png,38,1,tr,0
38_5.png,38,0,tr,0
39-2_0.png,39-2,1,tr,4
39-2_1.png,39-2,0,tr,4
39-2_2.png,39-2,0,tr,4
39-2_3.png,39-2,1,tr,4
39-2_4.png,39-2,1,tr,4
39-2_5.png,39-2,0,tr,4
39-2_6.png,39-2,0,tr,4
3_0.png,3,0,tr,1
3_1.png,3,1,tr,1
3_2.png,3,1,tr,1
3_3.png,3,0,tr,1
3_4.png,3,0,tr,1
3_5.png,3,1,tr,1
40_0.png,40,1,ts,test
40_1.png,40,1,ts,test
40_2.png,40,0,ts,test
40_3.png,40,1,ts,test
40_4.png,40,0,ts,test
40_5.png,40,0,ts,test
41_0.png,41,1,tr,2
41_1.png,41,0,tr,2
41_3.png,41,1,tr,2
41_4.png,41,0,tr,2
42_0.png,42,1,tr,1
42_1.png,42,0,tr,1
42_2.png,42,0,tr,1
42_3.png,42,1,tr,1
42_4.png,42,1,tr,1
42_5.png,42,0,tr,1
43_0.png,43,1,tr,3
43_1.png,43,1,tr,3
43_2.png,43,0,tr,3
43_3.png,43,0,tr,3
43_4.png,43,1,tr,3
44-1_0.png,44-1,0,tr,3
44-1_2.png,44-1,0,tr,3
44-1_3.png,44-1,1,tr,3
44-1_4.png,44-1,1,tr,3
44-2_0.png,44-2,0,ts,test
44-2_1.png,44-2,0,ts,test
44-2_2.png,44-2,1,ts,test
45_0.png,45,1,tr,3
45_1.png,45,0,tr,3
45_2.png,45,0,tr,3
45_3.png,45,1,tr,3
45_4.png,45,0,tr,3
46-1_0.png,46-1,0,tr,3
46-1_1.png,46-1,1,tr,3
46-1_2.png,46-1,0,tr,3
46-1_3.png,46-1,0,tr,3
46-1_4.png,46-1,1,tr,3
46-1_5.png,46-1,1,tr,3
46-1_6.png,46-1,0,tr,3
47_0.png,47,0,tr,2
47_1.png,47,0,tr,2
47_2.png,47,1,tr,2
47_3.png,47,1,tr,2
47_4.png,47,0,tr,2
47_5.png,47,1,tr,2
47_6.png,47,0,tr,2
47_7.png,47,0,tr,2
47_8.png,47,1,tr,2
48_0.png,48,0,tr,1
48_1.png,48,1,tr,1
48_2.png,48,1,tr,1
48_3.png,48,0,tr,1
48_4.png,48,0,tr,1
48_5.png,48,1,tr,1
49_0.png,49,1,tr,2
49_1.png,49,1,tr,2
49_2.png,49,0,tr,2
49_3.png,49,0,tr,2
49_4.png,49,1,tr,2
49_5.png,49,1,tr,2
4_0.png,4,0,tr,3
4_1.png,4,0,tr,3
4_2.png,4,1,tr,3
4_3.png,4,1,tr,3
4_4.png,4,1,tr,3
4_5.png,4,0,tr,3
50_0.png,50,0,tr,1
50_1.png,50,1,tr,1
50_2.png,50,1,tr,1
50_3.png,50,0,tr,1
50_4.png,50,1,tr,1
51_0.png,51,1,tr,4
51_1.png,51,1,tr,4
51_2.png,51,1,tr,4
51_3.png,51,0,tr,4
51_4.png,51,0,tr,4
51_5.png,51,1,tr,4
51_6.png,51,1,tr,4
51_7.png,51,0,tr,4
52_0.png,52,0,tr,4
52_1.png,52,1,tr,4
52_2.png,52,1,tr,4
52_3.png,52,0,tr,4
52_4.png,52,1,tr,4
52_5.png,52,0,tr,4
53_0.png,53,1,ts,test
53_1.png,53,0,ts,test
53_2.png,53,0,ts,test
53_3.png,53,0,ts,test
53_4.png,53,1,ts,test
55_0.png,55,0,tr,4
55_1.png,55,1,tr,4
55_2.png,55,1,tr,4
55_3.png,55,0,tr,4
55_4.png,55,0,tr,4
55_5.png,55,1,tr,4
57_0.png,57,1,tr,3
57_1.png,57,1,tr,3
57_2.png,57,0,tr,3
57_3.png,57,0,tr,3
57_4.png,57,1,tr,3
57_5.png,57,1,tr,3
57_6.png,57,0,tr,3
58_0.png,58,1,tr,4
58_1.png,58,0,tr,4
58_2.png,58,0,tr,4
58_3.png,58,1,tr,4
58_4.png,58,1,tr,4
58_5.png,58,0,tr,4
58_6.png,58,0,tr,4
59_0.png,59,0,tr,3
59_1.png,59,1,tr,3
59_2.png,59,0,tr,3
59_3.png,59,1,tr,3
59_4.png,59,0,tr,3
59_5.png,59,1,tr,3
5_0.png,5,1,ts,test
5_1.png,5,0,ts,test
5_2.png,5,0,ts,test
5_3.png,5,1,ts,test
5_4.png,5,0,ts,test
5_5.png,5,1,ts,test
60_0.png,60,1,tr,3
60_1.png,60,0,tr,3
60_2.png,60,1,tr,3
60_3.png,60,1,tr,3
60_4.png,60,0,tr,3
60_5.png,60,0,tr,3
60_6.png,60,1,tr,3
61_0.png,61,0,tr,0
61_1.png,61,1,tr,0
61_2.png,61,1,tr,0
61_3.png,61,0,tr,0
61_4.png,61,1,tr,0
61_5.png,61,0,tr,0
61_6.png,61,0,tr,0
61_7.png,61,1,tr,0
61_8.png,61,1,tr,0
61_9.png,61,0,tr,0
62_0.png,62,1,ts,test
62_1.png,62,0,ts,test
62_2.png,62,1,ts,test
62_3.png,62,0,ts,test
62_4.png,62,0,ts,test
62_5.png,62,1,ts,test
63_0.png,63,1,tr,2
63_1.png,63,0,tr,2
63_10.png,63,1,tr,2
63_2.png,63,0,tr,2
63_3.png,63,1,tr,2
63_4.png,63,1,tr,2
63_5.png,63,0,tr,2
63_6.png,63,1,tr,2
63_7.png,63,1,tr,2
63_8.png,63,0,tr,2
63_9.png,63,0,tr,2
64_0.png,64,0,tr,3
64_1.png,64,0,tr,3
64_2.png,64,1,tr,3
64_3.png,64,1,tr,3
64_4.png,64,0,tr,3
64_5.png,64,0,tr,3
64_6.png,64,1,tr,3
64_7.png,64,0,tr,3
64_8.png,64,0,tr,3
64_9.png,64,1,tr,3
65_0.png,65,0,tr,2
65_1.png,65,1,tr,2
65_2.png,65,1,tr,2
65_3.png,65,0,tr,2
65_4.png,65,0,tr,2
65_5.png,65,1,tr,2
65_6.png,65,1,tr,2
65_7.png,65,0,tr,2
66_0.png,66,1,tr,1
66_1.png,66,0,tr,1
66_2.png,66,1,tr,1
66_3.png,66,1,tr,1
66_4.png,66,0,tr,1
66_5.png,66,0,tr,1
66_6.png,66,1,tr,1
66_7.png,66,1,tr,1
67_0.png,67,0,tr,3
67_1.png,67,1,tr,3
67_2.png,67,0,tr,3
67_3.png,67,1,tr,3
67_4.png,67,0,tr,3
67_5.png,67,0,tr,3
67_6.png,67,1,tr,3
68_0.png,68,1,tr,4
68_1.png,68,0,tr,4
68_2.png,68,0,tr,4
68_3.png,68,1,tr,4
68_4.png,68,1,tr,4
68_5.png,68,1,tr,4
69_0.png,69,0,tr,1
69_1.png,69,1,tr,1
69_2.png,69,0,tr,1
69_3.png,69,0,tr,1
69_4.png,69,0,tr,1
69_5.png,69,1,tr,1
70_0.png,70,0,tr,0
70_1.png,70,1,tr,0
70_2.png,70,1,tr,0
70_3.png,70,0,tr,0
71_0.png,71,0,tr,4
71_1.png,71,1,tr,4
71_2.png,71,0,tr,4
72_0.png,72,0,tr,3
72_1.png,72,1,tr,3
72_2.png,72,0,tr,3
74_0.png,74,1,tr,0
74_1.png,74,0,tr,0
74_2.png,74,0,tr,0
74_3.png,74,0,tr,0
74_4.png,74,0,tr,0
75_0.png,75,0,tr,1
75_1.png,75,1,tr,1
75_2.png,75,1,tr,1
75_3.png,75,0,tr,1
75_4.png,75,0,tr,1
75_5.png,75,1,tr,1
75_6.png,75,1,tr,1
75_7.png,75,0,tr,1
75_8.png,75,0,tr,1
75_9.png,75,1,tr,1
76_0.png,76,1,tr,0
76_1.png,76,1,tr,0
76_2.png,76,0,tr,0
76_3.png,76,0,tr,0
76_4.png,76,1,tr,0
76_5.png,76,1,tr,0
76_6.png,76,1,tr,0
76_7.png,76,0,tr,0
77_0.png,77,1,tr,4
77_1.png,77,1,tr,4
77_2.png,77,0,tr,4
77_3.png,77,0,tr,4
77_4.png,77,0,tr,4
77_5.png,77,1,tr,4
78_0.png,78,1,tr,1
78_1.png,78,0,tr,1
78_2.png,78,1,tr,1
78_3.png,78,1,tr,1
78_4.png,78,0,tr,1
79_0.png,79,1,tr,0
79_1.png,79,0,tr,0
79_2.png,79,0,tr,0
79_3.png,79,1,tr,0
79_4.png,79,0,tr,0
79_5.png,79,0,tr,0
79_6.png,79,1,tr,0
79_7.png,79,1,tr,0
79_8.png,79,0,tr,0
7_0.png,7,0,ts,0
7_1.png,7,1,ts,0
7_2.png,7,1,ts,0
7_3.png,7,1,ts,0
7_4.png,7,0,ts,0
80_0.png,80,0,ts,test
80_1.png,80,1,ts,test
80_2.png,80,1,ts,test
80_3.png,80,0,ts,test
80_4.png,80,0,ts,test
80_5.png,80,1,ts,test
81_0.png,81,0,ts,test
81_1.png,81,1,ts,test
81_2.png,81,1,ts,test
81_3.png,81,0,ts,test
82_0.png,82,0,tr,3
82_1.png,82,0,tr,3
82_2.png,82,1,tr,3
82_3.png,82,1,tr,3
82_4.png,82,0,tr,3
82_5.png,82,1,tr,3
82_6.png,82,0,tr,3
83_0.png,83,1,tr,2
83_1.png,83,0,tr,2
83_2.png,83,1,tr,2
83_3.png,83,0,tr,2
83_4.png,83,0,tr,2
83_5.png,83,1,tr,2
84_0.png,84,0,tr,2
84_1.png,84,1,tr,2
84_2.png,84,0,tr,2
84_4.png,84,1,tr,2
84_5.png,84,0,tr,2
84_6.png,84,0,tr,2
85_0.png,85,1,tr,4
85_1.png,85,1,tr,4
85_2.png,85,0,tr,4
85_3.png,85,0,tr,4
85_4.png,85,1,tr,4
85_5.png,85,1,tr,4
85_6.png,85,0,tr,4
86_0.png,86,1,tr,1
86_1.png,86,1,tr,1
86_2.png,86,0,tr,1
86_3.png,86,0,tr,1
86_4.png,86,1,tr,1
86_5.png,86,1,tr,1
86_6.png,86,1,tr,1
86_7.png,86,0,tr,1
87_0.png,87,0,ts,test
87_1.png,87,1,ts,test
87_2.png,87,1,ts,test
87_3.png,87,0,ts,test
87_4.png,87,0,ts,test
87_5.png,87,1,ts,test
87_6.png,87,1,ts,test
87_7.png,87,0,ts,test
89_0.png,89,1,tr,4
89_1.png,89,0,tr,4
89_2.png,89,0,tr,4
89_3.png,89,0,tr,4
89_4.png,89,1,tr,4
89_5.png,89,0,tr,4
89_6.png,89,0,tr,4
8_0.png,8,1,tr,2
8_1.png,8,0,tr,2
8_2.png,8,0,tr,2
8_3.png,8,1,tr,2
8_4.png,8,0,tr,2
8_5.png,8,1,tr,2
90_0.png,90,1,tr,0
90_1.png,90,0,tr,0
90_2.png,90,0,tr,0
90_3.png,90,1,tr,0
90_4.png,90,1,tr,0
90_5.png,90,0,tr,0
91_0.png,91,1,ts,0
91_1.png,91,1,ts,0
91_2.png,91,0,ts,0
91_3.png,91,1,ts,0
91_4.png,91,0,ts,0
91_5.png,91,0,ts,0
92_0.png,92,1,tr,4
92_1.png,92,0,tr,4
92_2.png,92,1,tr,4
92_3.png,92,1,tr,4
92_4.png,92,0,tr,4
93_0.png,93,1,ts,0
93_1.png,93,0,ts,0
93_2.png,93,1,ts,0
93_3.png,93,0,ts,0
93_4.png,93,1,ts,0
93_5.png,93,0,ts,0
94_0.png,94,0,ts,test
94_1.png,94,1,ts,test
94_2.png,94,1,ts,test
94_3.png,94,0,ts,test
94_4.png,94,0,ts,test
94_5.png,94,1,ts,test
94_6.png,94,1,ts,test
95_0.png,95,0,tr,1
95_1.png,95,0,tr,1
95_2.png,95,1,tr,1
95_3.png,95,1,tr,1
95_4.png,95,1,tr,1
95_5.png,95,0,tr,1
96_0.png,96,0,tr,4
96_1.png,96,1,tr,4
96_2.png,96,1,tr,4
96_3.png,96,0,tr,4
96_4.png,96,0,tr,4
96_5.png,96,1,tr,4
97_0.png,97,1,tr,2
97_1.png,97,1,tr,2
97_2.png,97,0,tr,2
97_3.png,97,0,tr,2
97_4.png,97,1,tr,2
97_5.png,97,0,tr,2
99_0.png,99,1,tr,2
99_1.png,99,0,tr,2
99_2.png,99,0,tr,2
99_3.png,99,0,tr,2
99_4.png,99,1,tr,2
99_5.png,99,1,tr,2
9_0.png,9,0,ts,0
9_1.png,9,1,ts,0
9_2.png,9,1,ts,0
9_3.png,9,0,ts,0
9_4.png,9,1,ts,0
9_5.png,9,1,ts,0
9_6.png,9,0,ts,0
